Identifier,Angle_degree,Distance_from_ChNPP_km,Date_gamma_measurement ,Exposure_Dose_rate_mR/h,Absorbed_dose_rate_microGray/h,Zr-95_Bqm2,"SZR-95, relative error",Nb-95_Bqm2,"SNB-95, relative error",Ru-106_Bqm2,"SRU-106, relative error",Cs-134_Bqm2,"SCS-134, relative error",Cs-137_Bqm2,"SCS-137, relative error",Ce-144_Bq/m3,"SCe-144, relative error",Cs134 + Cs137 Bq/m2,Total Cs - exchangeable form bq/m2,Exch_Cs-134+Cs-137_Bqm2,x,y,Lat,Long,ER
1,10,5,5/6/1987,5,43.7,8.10E+05,0.06,1.64E+06,0.03,6.36E+06,0.04,9.69E+05,0.04,2.50E+06,0.02,1.55E+07,0.02,3.47E+06,2.72E+06,7.59E+05,51.43344895,30.11196928,51.38916667,30.09944444,6371
2,10,6,5/6/1987,4,34.9,5.29E+05,0.08,1.05E+06,0.04,3.00E+06,0.07,5.59E+05,0.05,1.50E+06,0.03,8.99E+06,0.03,2.06E+06,1.64E+06,4.14E+05,51.44230524,30.11447716,,,
3,10,7,2/6/1987,3,26.2,,,4.55E+05,0.09,,,,,6.59E+05,0.08,3.96E+06,0.11,6.59E+05,2.55E+05,4.03E+05,51.45116148,30.11698602,,,
4,10,8.3,5/6/1987,4,34.9,5.11E+05,0.08,8.77E+05,0.04,2.42E+06,0.07,6.44E+05,0.04,1.51E+06,0.03,9.58E+06,0.03,2.15E+06,1.90E+06,2.52E+05,51.46267452,30.12024899,,,
5,10,10,5/6/1987,3,26.2,3.44E+05,0.11,7.99E+05,0.04,2.85E+06,0.07,7.77E+05,0.04,1.84E+06,0.03,7.92E+06,0.04,2.62E+06,2.35E+06,2.66E+05,51.47772989,30.12451843,,,
6,10,12,5/6/1987,5,43.7,3.81E+05,0.1,6.14E+05,0.05,3.12E+06,0.07,1.88E+06,0.03,4.74E+06,0.02,6.40E+06,0.04,6.61E+06,6.30E+06,3.15E+05,51.49544189,30.12954491,,,
7,10,14.7,5/6/1987,5.5,48,,,5.07E+05,0.05,2.73E+06,0.07,2.06E+06,0.03,5.33E+06,0.02,4.51E+06,0.06,7.39E+06,4.45E+06,2.93E+06,51.51935275,30.13633686,,,
8,10,17,5/6/1987,4.5,39.3,1.18E+05,0.2,3.81E+05,0.06,2.60E+06,0.07,2.37E+06,0.02,5.66E+06,0.02,3.96E+06,0.08,8.03E+06,3.67E+06,4.37E+06,51.53972095,30.14212822,,,
9,10,20,5/6/1987,6,52.4,,,1.63E+05,0.1,2.47E+06,0.09,2.57E+06,0.02,6.11E+06,0.02,1.41E+06,0.15,8.67E+06,5.53E+06,3.15E+06,51.56628774,30.14968997,,,
10,10,25,2/6/1987,1.6,14,3.33E+04,0.08,6.66E+04,0.03,5.48E+05,0.04,4.37E+05,0.01,1.21E+06,0.01,5.96E+05,0.03,1.64E+06,1.50E+06,1.41E+05,51.61056464,30.16231254,,,
11,10,30,5/6/1987,0.9,7.9,2.96E+04,0.13,4.44E+04,0.06,5.07E+05,0.05,4.85E+05,0.02,1.35E+06,0.01,5.85E+05,0.04,1.83E+06,1.65E+06,1.81E+05,51.65484018,30.17495976,,,
12,10,37.5,5/6/1987,0.35,3.1,2.96E+04,0.07,7.40E+04,0.02,2.66E+05,0.05,1.41E+05,0.02,3.77E+05,0.01,7.22E+05,0.02,5.18E+05,4.37E+05,8.14E+04,51.72125095,30.19397699,,,
13,10,45,5/6/1987,0.25,2.2,1.85E+04,0.08,3.33E+04,0.04,1.89E+05,0.05,8.51E+04,0.02,2.37E+05,0.01,3.77E+05,0.03,3.22E+05,2.89E+05,3.33E+04,51.78765863,30.21305017,,,
14,10,52.5,5/6/1987,0.2,1.7,7.40E+03,0.15,1.85E+04,0.06,1.04E+05,0.08,1.07E+05,0.02,2.85E+05,0.01,2.07E+05,0.04,3.92E+05,3.52E+05,4.07E+04,51.85406322,30.23217958,,,
15,10,60,5/6/1987,0.08,0.7,,,2.22E+04,0.08,4.81E+04,0.27,1.48E+04,0.14,7.77E+04,0.04,1.55E+05,0.09,9.25E+04,8.88E+04,3.70E+03,51.9204647,30.25136554,,,
16,20,5,2/6/1987,4,34.9,5.00E+05,0.08,9.81E+05,0.04,2.77E+06,0.07,7.81E+05,0.04,1.95E+06,0.03,9.92E+06,0.03,2.73E+06,2.47E+06,2.60E+05,51.43141838,30.12411247,,,
17,20,6,2/6/1987,2.5,21.8,4.48E+05,0.09,9.66E+05,0.04,2.58E+06,0.07,6.33E+05,0.05,1.63E+06,0.03,9.07E+06,0.03,2.26E+06,2.20E+06,6.29E+04,51.4398681,30.12905155,,,
18,20,7,2/6/1987,2.5,21.8,2.07E+05,0.03,5.00E+05,0.01,1.15E+06,0.03,2.63E+05,0.02,7.84E+05,0.01,4.48E+06,0.01,1.05E+06,1.05E+06,,51.44831761,30.13399245,,,
19,20,8.3,2/6/1987,2,17.5,1.81E+05,0.04,3.96E+05,0.02,8.58E+05,0.04,4.37E+05,0.01,1.51E+06,0.01,4.66E+06,0.01,1.95E+06,1.60E+06,3.52E+05,51.45930166,30.14041837,,,
20,20,10,4/6/1987,1.8,15.7,1.63E+05,0.08,2.92E+05,0.04,9.66E+05,0.09,2.26E+05,0.05,5.29E+05,0.03,3.42E+06,0.02,7.55E+05,6.70E+05,8.51E+04,51.4736649,30.14882616,,,
21,20,12,4/6/1987,3.8,33.2,3.15E+05,0.1,6.40E+05,0.04,2.52E+06,0.07,9.07E+05,0.04,2.12E+06,0.03,6.29E+06,0.04,3.03E+06,2.42E+06,6.14E+05,51.49056205,30.15872445,,,
22,20,14.7,2/6/1987,8,69.8,3.74E+05,0.1,6.62E+05,0.05,2.94E+06,0.08,2.64E+06,0.02,6.66E+06,0.01,6.36E+06,0.05,9.30E+06,7.24E+06,2.06E+06,51.51337188,30.1720988,,,
23,20,17,2/6/1987,18,157.1,3.70E+05,0.12,5.85E+05,0.06,5.74E+06,0.06,6.96E+06,0.01,1.66E+07,0.01,6.22E+06,0.06,2.35E+07,2.35E+07,,51.53280128,30.18350233,,,
24,20,20,2/6/1987,5,43.7,6.66E+04,0.28,2.15E+05,0.08,2.11E+06,0.09,2.66E+06,0.02,6.40E+06,0.01,2.19E+06,0.1,9.06E+06,9.06E+06,,51.55814231,30.19839113,,,
25,20,25,2/6/1987,4,34.9,8.14E+04,0.21,1.59E+05,0.1,1.14E+06,0.13,1.54E+06,0.03,3.74E+06,0.02,1.50E+06,0.11,5.27E+06,5.09E+06,1.81E+05,51.60037316,30.22324271,,,
26,20,30,2/6/1987,0.8,7,2.44E+04,0.08,5.55E+04,0.03,2.59E+05,0.05,2.63E+05,0.01,6.59E+05,0.01,5.55E+05,0.03,9.21E+05,5.92E+05,3.29E+05,51.64259876,30.24814055,,,
27,20,37.5,5/6/1987,0.4,3.5,3.33E+04,0.1,6.29E+04,0.04,3.63E+05,0.07,1.33E+05,0.03,3.48E+05,0.02,6.33E+05,0.03,4.81E+05,4.44E+05,3.70E+04,51.70592726,30.28557439,,,
28,20,45,5/6/1987,0.18,1.6,4.44E+04,0.11,7.33E+04,0.05,2.89E+05,0.1,9.25E+04,0.05,2.37E+05,0.03,8.62E+05,0.03,3.29E+05,3.07E+05,2.22E+04,51.76924383,30.32311316,,,
29,20,52.5,5/6/1987,0.08,0.7,,,1.48E+04,0.06,6.29E+04,0.09,2.22E+04,0.04,5.92E+04,0.03,1.59E+05,0.04,8.14E+04,7.77E+04,3.70E+03,51.83254842,30.36075739,,,
30,20,60,5/6/1987,0.1,0.9,,,1.11E+04,0.06,5.55E+04,0.09,2.22E+04,0.04,5.92E+04,0.03,1.33E+05,0.05,8.14E+04,5.92E+04,2.22E+04,51.89584095,30.39850759,,,
31,30,5,2/6/1987,6,52.4,7.59E+05,0.07,1.70E+06,0.03,5.62E+06,0.05,8.10E+05,0.04,2.28E+06,0.03,1.54E+07,0.02,3.09E+06,2.36E+06,7.36E+05,51.42810291,30.13550407,,,
32,30,6,2/6/1987,5,43.7,5.48E+05,0.08,1.33E+06,0.03,3.43E+06,0.07,7.77E+05,0.04,2.17E+06,0.03,1.28E+07,0.03,2.95E+06,1.13E+06,1.82E+06,51.43588883,30.14272336,,,
33,30,7,2/6/1987,3.8,33.2,4.55E+05,0.08,8.92E+05,0.04,3.26E+06,0.06,4.74E+05,0.05,1.32E+06,0.03,8.70E+06,0.03,1.80E+06,1.73E+06,6.66E+04,51.4436743,30.14994513,,,
34,30,8.3,2/6/1987,4,34.9,1.85E+05,0.03,4.77E+05,0.01,1.44E+06,0.02,2.52E+05,0.02,8.51E+05,0.01,4.88E+05,0.01,1.10E+06,1.07E+06,2.96E+04,51.45379476,30.1593371,,,
35,30,10,4/6/1987,2.4,21,2.74E+05,0.11,6.33E+05,0.04,2.01E+06,0.08,4.85E+05,0.05,1.29E+06,0.03,5.92E+06,0.04,1.77E+06,1.31E+06,4.59E+05,51.46702807,30.17162519,,,
36,30,12,,,,,,,,,,,,,,,,,,,51.48259502,30.1860909,,,
37,30,14.7,2/6/1987,5,43.7,2.92E+05,0.12,6.03E+05,0.04,3.12E+06,0.07,2.76E+06,0.02,6.73E+06,0.01,5.74E+06,0.05,9.50E+06,9.40E+06,9.62E+04,51.50360758,30.20563528,,,
38,30,17,2/6/1987,6,52.4,1.37E+05,0.16,3.44E+05,0.06,1.82E+06,0.1,2.28E+06,0.02,5.62E+06,0.02,3.77E+06,0.06,7.91E+06,5.18E+06,2.73E+06,51.5215046,30.22229841,,,
39,30,20,2/6/1987,5,43.7,1.59E+05,0.17,3.33E+05,0.07,3.24E+06,0.07,2.93E+06,0.02,7.03E+06,0.01,3.38E+06,0.02,9.96E+06,9.61E+06,3.59E+05,51.544845,30.24405263,,,
40,30,25,2/6/1987,0.6,5.2,5.55E+04,0.05,1.41E+05,0.02,4.81E+05,0.03,2.26E+05,0.01,5.81E+05,0.01,1.35E+06,0.01,8.07E+05,7.96E+05,1.11E+04,51.5837367,30.28035929,,,
41,30,30,2/6/1987,0.35,3.1,1.48E+04,0.09,3.70E+04,0.04,1.26E+05,0.07,1.15E+05,0.02,3.11E+05,0.01,3.40E+05,0.03,4.26E+05,3.00E+05,1.26E+05,51.62261719,30.31672815,,,
42,30,37.5,5/6/1987,0.15,1.3,,,2.96E+04,0.06,1.37E+05,0.11,6.29E+04,0.05,1.67E+05,0.03,3.40E+05,0.05,2.29E+05,2.22E+05,7.40E+03,51.6809168,30.37139844,,,
43,30,45,5/6/1987,0.14,1.2,,,3.33E+04,0.08,1.89E+05,0.13,3.33E+04,0.1,8.14E+04,0.05,3.48E+05,0.07,1.15E+05,1.04E+05,1.11E+04,51.73919097,30.42620966,,,
44,30,52.5,5/6/1987,0.06,0.5,,,1.48E+04,0.09,,,1.85E+04,0.09,4.44E+04,0.05,1.81E+05,0.07,6.29E+04,6.29E+04,,51.79743958,30.4811624,,,
45,30,60,5/6/1987,0.05,0.4,7.40E+03,0.22,1.11E+04,0.13,6.66E+04,0.18,3.33E+04,0.06,8.51E+04,0.04,1.11E+05,0.1,1.18E+05,1.11E+05,7.40E+03,51.85566251,30.53625727,,,
46,40,5,4/6/1987,4,34.9,6.88E+05,0.07,1.35E+06,0.03,4.22E+06,0.06,9.81E+05,0.04,2.45E+06,0.02,1.40E+07,0.03,3.43E+06,2.08E+06,1.34E+06,51.42360355,30.14579724,,,
47,40,6,4/6/1987,4,34.9,5.25E+05,0.11,9.51E+05,0.05,3.57E+06,0.1,6.48E+05,0.08,1.79E+06,0.04,1.32E+07,0.04,2.43E+06,1.75E+06,6.81E+05,51.43048873,30.15507618,,,
48,40,7,4/6/1987,3.5,30.6,5.51E+05,0.05,8.99E+05,0.02,2.39E+06,0.08,5.14E+05,0.04,1.40E+06,0.02,1.14E+07,0.02,1.92E+06,1.35E+06,5.70E+05,51.43737318,30.16435792,,,
49,40,8.3,2/6/1987,1.8,15.7,1.37E+05,0.03,3.15E+05,0.01,7.96E+05,0.03,1.89E+05,0.02,5.22E+05,0.01,3.21E+06,0.01,7.10E+05,7.10E+05,,51.44632186,30.17642836,,,
50,40,10,2/6/1987,2.8,24.4,2.63E+05,0.12,5.22E+05,0.05,2.52E+06,0.07,7.59E+05,0.04,1.84E+06,0.03,5.18E+06,0.05,2.60E+06,2.60E+06,,51.45802212,30.19221993,,,
51,40,12,4/6/1987,1.4,12.2,,,3.37E+05,0.06,1.62E+06,0.1,8.07E+05,0.04,1.96E+06,0.03,3.11E+06,0.07,2.76E+06,2.16E+06,6.07E+05,51.47178441,30.21080861,,,
52,40,14.7,2/6/1987,2,17.5,5.92E+04,0.07,1.41E+05,0.02,7.22E+05,0.04,5.33E+05,0.01,1.52E+06,0.01,1.66E+06,0.02,2.05E+06,1.22E+06,8.25E+05,51.49035884,30.23592112,,,
53,40,17,2/6/1987,8,69.8,,,1.85E+05,0.09,1.65E+06,0.1,1.78E+06,0.03,4.29E+06,0.02,1.74E+06,0.11,6.08E+06,5.61E+06,4.70E+05,51.50617726,30.25732941,,,
54,40,20,2/6/1987,2,17.5,4.07E+04,0.07,9.99E+04,0.03,5.99E+05,0.03,4.88E+05,0.01,1.25E+06,0.01,1.01E+06,0.02,1.74E+06,1.68E+06,6.29E+04,51.52680413,30.2852756,,,
55,40,25,2/6/1987,0.25,2.2,3.70E+04,0.06,8.51E+04,0.02,3.18E+05,0.04,1.81E+05,0.02,4.74E+05,0.01,7.18E+05,0.02,6.55E+05,4.63E+05,1.92E+05,51.56116748,30.3319089,,,
56,40,30,2/6/1987,0.1,0.9,7.40E+03,0.13,1.48E+04,0.05,5.18E+04,0.1,1.48E+04,0.07,4.44E+04,0.03,2.11E+05,0.03,5.92E+04,3.70E+04,2.22E+04,51.59551231,30.3786127,,,
57,40,37.5,5/6/1987,0.04,0.3,,,7.40E+03,0.09,3.70E+04,0.13,1.48E+04,0.06,4.81E+04,0.03,9.25E+04,0.06,6.29E+04,5.81E+04,4.81E+03,51.64699475,30.44880096,,,
58,40,45,,,,,,,,,,,,,,,,,,,51.69843525,30.51914874,,,
59,40,52.5,5/6/1987,0.015,0.1,3.70E+03,0.15,7.40E+03,0.06,1.48E+04,0.14,3.70E+03,0.08,1.48E+04,0.05,4.81E+04,0.08,1.85E+04,1.48E+04,3.70E+03,51.74983364,30.58965657,,,
60,40,60,5/6/1987,0.03,0.3,,,7.40E+03,0.15,,,,,2.59E+04,0.08,9.25E+04,0.12,2.59E+04,2.33E+04,2.59E+03,51.80118975,30.66032498,,,
61,50,5,4/6/1987,3.5,30.6,6.07E+05,0.07,9.47E+05,0.04,2.84E+06,0.07,5.85E+05,0.05,1.47E+06,0.03,9.69E+06,0.03,2.05E+06,1.62E+06,4.37E+05,51.41805733,30.15467885,,,
62,50,6,4/6/1987,2.9,25.3,5.55E+05,0.15,8.73E+05,0.08,3.27E+06,0.16,1.85E+05,0.4,1.89E+06,0.05,1.07E+07,0.06,2.08E+06,9.36E+05,1.14E+06,51.42383235,30.16573411,,,
63,50,7,4/6/1987,2.2,19.2,1.89E+05,0.04,3.89E+05,0.02,1.18E+06,0.03,1.96E+05,0.03,5.11E+05,0.02,5.07E+06,0.01,7.07E+05,7.07E+05,,51.42960632,30.17679217,,,
64,50,8.3,2/6/1987,2,17.5,1.96E+05,0.03,4.55E+05,0.01,1.02E+06,0.03,2.66E+05,0.02,7.55E+05,0.01,6.48E+06,0.01,1.02E+06,8.58E+05,1.63E+05,51.43711094,30.19117182,,,
65,50,10,4/6/1987,1.2,10.5,2.07E+05,0.07,4.00E+05,0.03,1.41E+06,0.06,2.33E+05,0.05,6.25E+05,0.03,4.33E+06,0.02,8.58E+05,2.52E+05,6.07E+05,51.44692201,30.2099831,,,
66,50,12,4/6/1987,1.3,11.3,1.18E+05,0.13,3.59E+05,0.03,2.18E+06,0.05,5.99E+05,0.03,1.46E+06,0.02,4.22E+06,0.02,2.06E+06,1.98E+06,7.77E+04,51.45846058,30.23212438,,,
67,50,14.7,2/6/1987,1.4,12.2,1.37E+05,0.12,2.18E+05,0.06,9.88E+05,0.08,4.29E+05,0.04,9.77E+05,0.03,2.99E+06,0.04,1.41E+06,1.21E+06,1.92E+05,51.47403105,30.26203286,,,
68,50,17,2/6/1987,25,218.3,,,2.29E+05,0.09,1.51E+06,0.1,2.05E+06,0.02,4.77E+06,0.02,2.11E+06,0.11,6.82E+06,4.40E+06,2.42E+06,51.48728877,30.28752656,,,
69,50,20,,,,,,,,,,,,,,,,,,,51.50457314,30.3208015,,,
70,50,25,5/6/1987,0.16,1.4,,,1.11E+04,0.07,6.29E+04,0.09,1.11E+04,0.07,3.33E+04,0.04,1.33E+05,0.05,4.44E+04,3.63E+04,8.14E+03,51.53335948,30.37631584,,,
71,50,30,,,,,,,,,,,,,,,,,,,51.56211959,30.4319004,,,
72,50,37.5,5/6/1987,0.05,0.4,,,7.40E+03,0.1,8.51E+04,0.09,2.96E+04,0.05,8.14E+04,0.03,7.03E+04,0.09,1.11E+05,1.05E+05,5.92E+03,51.60521044,30.51540913,,,
73,50,45,5/6/1987,0.02,0.2,,,3.70E+03,0.07,2.22E+04,0.11,7.40E+03,0.07,1.85E+04,0.04,5.55E+04,0.06,2.59E+04,2.33E+04,2.59E+03,51.64824193,30.59907641,,,
74,50,52.5,5/6/1987,0.04,0.3,,,,,,,,,3.70E+03,0.26,2.59E+04,0.37,3.70E+03,1.11E+03,2.59E+03,51.69121385,30.68290257,,,
75,50,60,5/6/1987,0.04,0.3,3.70E+03,0.16,7.40E+03,0.07,4.07E+04,0.12,1.11E+04,0.07,2.96E+04,0.04,1.30E+05,0.05,4.07E+04,3.96E+04,1.11E+03,51.73412601,30.76688793,,,
76,60,5,4/6/1987,4.5,39.3,7.03E+05,0.07,1.12E+06,0.03,5.00E+06,0.05,7.22E+05,0.05,1.89E+06,0.03,1.58E+07,0.02,2.61E+06,1.99E+06,6.22E+05,51.41163313,30.16187905,,,
77,60,6,4/6/1987,4,34.9,2.26E+05,0.03,4.44E+05,0.01,1.19E+06,0.03,2.26E+05,0.02,6.81E+05,0.01,5.33E+06,0.01,9.07E+05,2.59E+05,6.48E+05,51.41612244,30.17437333,,,
78,60,7,4/6/1987,2.2,19.2,3.22E+05,0.1,6.70E+05,0.04,1.95E+06,0.09,3.77E+06,0.06,1.11E+06,0.04,6.81E+06,0.04,4.88E+06,4.88E+06,,51.42061042,30.18687007,,,
79,60,8.3,4/6/1987,2,17.5,3.59E+05,0.05,6.29E+05,0.03,1.74E+06,0.07,3.81E+05,0.04,9.92E+05,0.02,7.18E+06,0.02,1.37E+06,1.30E+06,7.40E+04,51.42644281,30.2031195,,,
80,60,10,4/6/1987,0.6,5.2,,,1.41E+05,0.05,5.22E+05,0.11,3.70E+04,0.22,2.11E+05,0.05,1.64E+06,0.03,2.48E+05,1.63E+05,8.51E+04,51.43406639,30.22437501,,,
81,60,12,4/6/1987,0.7,6.1,9.62E+04,0.11,2.33E+05,0.04,1.02E+06,0.07,1.59E+05,0.06,4.59E+05,0.03,2.75E+06,0.03,6.18E+05,4.22E+05,1.96E+05,51.44303038,30.24939057,,,
82,60,14.7,4/6/1987,0.5,4.4,9.25E+04,0.12,,,,,2.37E+05,0.04,5.62E+05,0.03,1.87E+06,0.03,7.99E+05,7.10E+05,8.88E+04,51.45512332,30.28317715,,,
83,60,17,4/6/1987,1.3,11.3,,,1.07E+05,0.07,6.59E+05,0.11,7.10E+05,0.02,1.82E+06,0.02,1.29E+06,0.06,2.53E+06,2.13E+06,4.03E+05,51.46541706,30.31197244,,,
84,60,20,,,,,,,,,,,,,,,,,,,51.47883306,30.34955102,,,
85,60,25,2/6/1987,1.8,15.7,,,,,,,2.55E+05,0.13,1.08E+06,0.05,,,1.34E+06,1.33E+06,7.40E+03,51.50116636,30.41223113,,,
86,60,30,,,,,,,,,,,,,,,,,,,51.52346622,30.47497264,,,
87,60,37.5,5/6/1987,0.05,0.4,,,7.40E+03,0.14,4.81E+04,0.15,2.96E+04,0.06,7.03E+04,0.04,7.03E+04,0.11,9.99E+04,9.21E+04,7.77E+03,51.55685318,30.56920011,,,
88,60,45,5/6/1987,0.25,2.2,,,3.70E+03,0.14,,,1.85E+04,0.06,5.55E+04,0.03,5.18E+04,0.13,7.40E+04,5.55E+04,1.85E+04,51.59016457,30.66356587,,,
89,60,52.5,5/6/1987,0.02,0.2,,,7.40E+03,0.22,3.70E+04,0.38,1.48E+04,0.14,2.22E+04,0.11,0.00E+00,,3.70E+04,2.96E+04,7.40E+03,51.62340018,30.75806996,,,
90,60,60,5/6/1987,0.02,0.2,,,3.70E+03,0.15,,,,,7.40E+03,0.16,0.00E+00,,7.40E+03,5.18E+03,2.22E+03,51.65655982,30.85271244,,,
91,70,5,3/6/1987,5,43.7,6.44E+05,0.06,1.11E+06,0.03,4.00E+06,0.05,6.66E+05,0.04,1.75E+06,0.02,1.52E+07,0.02,2.41E+06,1.35E+06,1.07E+06,51.40452646,30.16717944,,,
92,70,6,15/05/1987,3.8,33.2,1.18E+05,7.3,2.70E+05,0.01,5.74E+05,0.03,1.07E+05,0.02,3.11E+05,0.01,2.18E+06,0.01,4.18E+05,4.18E+05,,51.40759373,30.18073189,,,
93,70,7,4/6/1987,2.5,21.8,1.22E+05,0.06,3.55E+05,0.02,1.14E+06,0.04,1.67E+05,0.04,6.85E+05,0.01,4.14E+06,0.01,8.51E+05,5.59E+05,2.92E+05,51.41065944,30.19428616,,,
94,70,8.3,4/6/1987,1.8,15.7,1.22E+05,0.15,4.48E+05,0.03,1.47E+06,0.06,2.29E+05,0.05,6.77E+05,0.03,5.07E+06,0.02,9.07E+05,7.70E+05,1.36E+05,51.41464252,30.21190944,,,
95,70,10,5/6/1987,0.75,6.5,1.89E+05,0.05,3.77E+05,0.02,1.41E+06,0.04,2.41E+05,0.03,6.11E+05,0.02,4.37E+06,0.01,8.51E+05,7.07E+05,1.44E+05,51.41984718,30.23495989,,,
96,70,12,4/6/1987,0.6,5.2,7.77E+04,0.06,1.52E+05,0.03,3.77E+05,0.05,8.14E+04,0.04,2.29E+05,0.02,1.62E+06,0.02,3.11E+05,2.44E+05,6.66E+04,51.42596451,30.26208478,,,
97,70,14.7,5/6/1987,0.3,2.6,8.14E+04,0.08,1.44E+05,0.04,5.33E+05,0.07,1.04E+05,0.05,2.41E+05,0.03,1.66E+06,0.02,3.44E+05,3.07E+05,3.70E+04,51.43421299,30.29871491,,,
98,70,17,2/6/1987,0.16,1.4,2.59E+04,0.2,5.92E+04,0.06,2.22E+05,0.05,2.59E+04,0.05,8.14E+04,,5.70E+05,0.02,1.07E+05,2.59E+04,8.14E+04,51.44123046,30.32992878,,,
99,70,20,,,,,,,,,,,,,,,,,,,51.45037122,30.37065693,,,
100,70,25,2/6/1987,0.4,3.5,,,2.22E+04,0.06,1.92E+05,0.06,2.48E+05,0.01,7.14E+05,0.01,1.92E+05,0.05,9.62E+05,7.55E+05,2.07E+05,51.46557445,30.43857339,,,
101,70,30,,,,,,,,,,,,,,,,,,,51.48073842,30.50653506,,,
102,70,37.5,5/6/1987,0.03,0.3,3.70E+03,0.17,1.11E+04,0.07,4.81E+04,0.1,1.48E+04,0.05,4.44E+04,0.03,1.15E+05,0.05,5.92E+04,5.00E+04,9.25E+03,51.50341067,30.60856221,,,
103,70,45,5/6/1987,0.05,0.4,,,,,6.29E+04,0.12,5.18E+04,0.04,1.30E+05,0.03,5.92E+04,0.12,1.81E+05,1.70E+05,1.11E+04,51.52599431,30.71069073,,,
104,70,52.5,5/6/1987,0.03,0.3,,,3.70E+03,0.14,2.22E+04,0.16,1.11E+04,0.07,2.96E+04,0.04,4.44E+04,0.11,4.07E+04,2.59E+04,1.48E+04,51.5484892,30.81292042,,,
105,70,60,5/6/1987,0.03,0.3,,,3.70E+03,0.11,1.48E+04,0.14,3.70E+03,0.07,1.48E+04,0.04,2.59E+04,0.11,1.85E+04,1.70E+04,1.48E+03,51.57089517,30.91525104,,,
106,80,5,5/6/1987,3,26.2,3.63E+05,0.1,8.99E+05,0.04,3.26E+06,0.06,6.11E+05,0.05,1.58E+06,0.03,7.84E+06,0.04,2.19E+06,1.72E+06,4.63E+05,51.39695351,30.17041968,,,
107,80,6,2/6/1987,1.5,13.1,1.30E+05,0.03,2.96E+05,0.01,9.73E+05,0.03,1.81E+05,0.02,5.59E+05,0.01,2.82E+06,0.01,7.40E+05,6.92E+05,4.81E+04,51.39850574,30.18461762,,,
108,80,7,4/6/1987,0.5,4.4,1.07E+05,0.04,2.41E+05,0.02,7.88E+05,0.03,1.96E+05,0.02,5.66E+05,0.01,2.66E+06,0.01,7.62E+05,4.66E+05,2.96E+05,51.40005625,30.19881653,,,
109,80,8.3,4/6/1987,0.75,6.5,8.88E+04,0.05,1.67E+05,0.02,5.51E+05,0.04,1.15E+05,0.03,3.11E+05,0.02,1.76E+06,0.02,4.26E+05,3.44E+05,8.14E+04,51.40206934,30.21727654,,,
110,80,10,4/6/1987,0.5,4.4,5.92E+04,0.06,1.33E+05,0.03,5.03E+05,0.05,1.22E+05,0.03,3.03E+05,0.02,1.47E+06,0.02,4.26E+05,4.11E+05,1.48E+04,51.40469748,30.24141901,,,
111,80,12,4/6/1987,0.3,2.6,7.40E+04,0.13,1.11E+05,0.06,3.26E+05,0.15,1.33E+05,0.06,3.26E+05,0.04,1.41E+06,0.04,4.59E+05,3.11E+05,1.48E+05,51.40778305,30.26982547,,,
112,80,14.7,3/6/1987,0.12,1,5.18E+04,0.06,8.51E+04,0.03,3.55E+05,0.05,7.03E+04,0.04,2.04E+05,0.02,1.04E+06,0.02,2.74E+05,2.59E+05,1.48E+04,51.41193768,30.30818026,,,
113,80,17,3/6/1987,0.12,1,2.96E+04,0.07,5.92E+04,0.03,2.37E+05,0.05,4.81E+04,0.03,1.30E+05,0.02,5.70E+05,0.02,1.78E+05,1.74E+05,3.70E+03,51.41546693,30.34085835,,,
114,80,20,2/6/1987,0.14,1.2,2.22E+04,0.08,4.81E+04,0.03,2.26E+05,0.05,3.70E+04,0.04,1.07E+05,0.02,5.33E+05,0.02,1.44E+05,1.18E+05,2.59E+04,51.42005664,30.38348952,,,
115,80,25,2/6/1987,0.1,0.9,1.85E+04,0.08,3.33E+04,0.04,1.07E+05,0.07,2.96E+04,0.04,8.51E+04,0.02,3.48E+05,0.03,1.15E+05,1.04E+05,1.11E+04,51.4276718,30.45456045,,,
116,80,30,3/6/1987,0.07,0.6,1.48E+04,0.1,2.59E+04,0.04,1.37E+05,0.06,2.96E+04,0.04,8.51E+04,0.02,2.92E+05,0.03,1.15E+05,8.99E+04,2.48E+04,51.43524396,30.52565501,,,
117,80,37.5,5/6/1987,0.04,0.3,1.11E+04,0.14,1.11E+04,0.09,4.44E+04,0.18,1.48E+04,0.11,5.18E+04,0.04,1.15E+05,0.1,6.66E+04,5.18E+04,1.48E+04,51.44652155,30.63234088,,,
118,80,45,8/6/1987,0.025,0.2,,,3.70E+03,0.13,3.70E+04,0.12,3.33E+04,0.04,8.88E+04,0.02,7.03E+04,0.08,1.22E+05,1.15E+05,7.40E+03,51.45770227,30.73907924,,,
119,80,52.5,8/6/1987,0.05,0.4,3.70E+03,0.25,3.70E+03,0.1,2.96E+04,0.13,7.40E+03,0.08,2.59E+04,0.04,5.55E+04,0.09,3.33E+04,1.85E+04,1.48E+04,51.46878603,30.84586968,,,
120,80,60,8/6/1987,0.03,0.3,,,,,,,7.40E+03,0.25,1.48E+04,0.17,0.00E+00,,2.22E+04,1.85E+04,3.70E+03,51.47977275,30.95271178,,,
121,90,5,5/6/1987,3,26.2,1.70E+05,0.05,4.03E+05,0.02,9.84E+05,0.04,2.29E+05,0.02,6.70E+05,0.01,7.84E+06,0.04,8.99E+05,6.70E+05,2.29E+05,51.38914458,30.17150228,,,
122,90,6,4/6/1987,2,17.5,1.26E+05,0.06,4.11E+04,0.01,8.47E+05,0.04,2.66E+05,0.02,6.48E+05,0.01,2.82E+06,0.01,9.14E+05,8.51E+05,6.29E+04,51.38913485,30.18591384,,,
123,90,7,4/6/1987,1,8.7,6.66E+04,0.04,1.41E+05,0.02,3.85E+05,0.04,7.40E+04,0.03,1.96E+05,0.02,2.66E+06,0.01,2.70E+05,2.26E+05,4.44E+04,51.38912336,30.20032539,,,
124,90,8.3,4/6/1987,1,8.7,2.66E+05,0.07,4.18E+05,0.03,2.83E+06,0.04,3.00E+05,0.04,8.33E+05,0.02,1.76E+06,0.02,1.13E+06,9.14E+05,2.18E+05,51.38910579,30.21906039,,,
125,90,10,4/6/1987,0.8,7,4.07E+04,0.12,1.81E+05,0.02,6.88E+05,0.04,1.26E+05,0.03,3.66E+05,0.02,1.47E+06,0.02,4.92E+05,3.44E+05,1.48E+05,51.38907829,30.24355999,,,
126,90,12,4/6/1987,0.5,4.4,1.07E+05,0.12,2.26E+05,0.04,4.74E+06,0.03,1.52E+05,0.07,5.11E+05,0.03,2.36E+06,0.04,6.62E+05,5.40E+05,1.22E+05,51.3890394,30.272383,,,
127,90,14.7,2/6/1987,0.2,1.7,4.81E+04,0.05,8.88E+04,0.02,3.44E+05,0.04,5.92E+04,0.03,1.63E+05,0.02,1.10E+06,0.01,2.22E+05,1.96E+05,2.59E+04,51.38897569,30.31129398,,,
128,90,17,3/6/1987,0.18,1.6,4.81E+04,0.07,9.62E+04,0.03,3.59E+05,0.05,8.14E+04,0.03,1.92E+05,0.02,1.07E+06,0.02,2.74E+05,2.59E+05,1.48E+04,51.38891126,30.34444028,,,
129,90,20,3/6/1987,0.14,1.2,2.96E+04,0.06,5.92E+04,0.03,2.00E+05,0.05,3.70E+04,0.04,1.11E+05,0.02,5.88E+05,0.02,1.48E+05,1.04E+05,4.44E+04,51.38881316,30.38767443,,,
130,90,25,3/6/1987,0.12,1,1.11E+04,0.11,2.59E+04,0.04,9.62E+04,0.07,2.22E+04,0.04,6.29E+04,0.03,2.78E+05,0.03,8.51E+04,5.92E+04,2.59E+04,51.38861431,30.45973088,,,
131,90,30,3/6/1987,0.06,0.5,7.40E+03,0.15,1.11E+04,0.07,7.03E+04,0.09,1.85E+04,0.05,5.18E+04,0.03,1.30E+05,0.05,7.03E+04,6.22E+04,8.14E+03,51.38837127,30.53178663,,,
132,90,37.5,8/6/1987,0.08,0.7,,,7.40E+02,0.19,7.40E+03,0.2,3.70E+03,0.09,7.40E+03,0.06,7.40E+03,0.28,1.11E+04,7.40E+03,3.70E+03,51.38792386,30.63986866,,,
133,90,45,8/6/1987,0.07,0.6,,,1.48E+04,0.13,,,1.85E+04,0.13,4.07E+04,0.08,1.89E+05,0.09,5.92E+04,4.81E+04,1.11E+04,51.38737704,30.74794834,,,
134,90,52.5,,,,,,,,,,,,,,,,,,,51.38673081,30.8560252,,,
135,90,60,8/6/1987,0.02,0.2,,,,,1.85E+04,0.44,7.40E+03,0.26,,,,,7.40E+03,5.92E+03,1.48E+03,51.38598516,30.96409877,,,
136,100,5,5/6/1987,2.5,21.8,3.89E+05,0.09,8.14E+05,0.04,3.24E+06,0.06,6.81E+05,0.04,1.65E+06,0.03,9.77E+06,0.03,2.33E+06,2.06E+06,2.66E+05,51.38133697,30.17039546,,,
137,100,6,4/6/1987,2,17.5,1.52E+05,0.05,3.59E+05,0.02,1.00E+06,0.04,1.41E+05,0.03,4.66E+05,0.02,3.17E+06,0.01,6.07E+05,4.27E+05,1.80E+05,51.37976589,30.18458274,,,
138,100,7,4/6/1987,3,26.2,1.85E+05,0.04,4.03E+05,0.02,1.21E+06,0.04,2.29E+05,0.03,7.10E+05,0.01,4.51E+06,0.01,9.40E+05,6.70E+05,2.70E+05,51.37819309,30.19876906,,,
139,100,8.3,4/6/1987,1.6,14,1.41E+05,0.05,3.18E+05,0.02,9.51E+05,0.04,2.37E+05,0.02,6.48E+05,0.01,3.24E+06,0.01,8.84E+05,8.44E+05,4.07E+04,51.3761459,30.2172098,,,
140,100,10,4/6/1987,0.8,7,1.52E+05,0.06,3.11E+05,0.03,1.18E+06,0.05,2.11E+05,0.04,5.11E+05,0.02,3.74E+06,0.02,7.22E+05,3.11E+05,4.11E+05,51.37346444,30.24132214,,,
141,100,12,4/6/1987,0.5,4.4,1.26E+05,0.1,2.52E+05,0.04,8.62E+05,0.07,1.81E+05,0.05,4.40E+05,0.03,2.97E+06,0.03,6.22E+05,6.22E+05,,51.37030344,30.26968597,,,
142,100,14.7,3/6/1987,0.16,1.4,1.07E+05,0.04,1.96E+05,0.02,7.47E+05,0.03,1.33E+05,0.03,3.59E+05,0.01,2.36E+06,0.01,4.92E+05,4.37E+05,5.55E+04,51.36602523,30.30797092,,,
143,100,17,3/6/1987,0.16,1.4,8.51E+04,0.05,1.55E+05,0.02,6.03E+05,0.04,1.18E+05,0.03,3.03E+05,0.02,2.01E+06,0.01,4.22E+05,3.89E+05,3.33E+04,51.36237099,30.34057838,,,
144,100,20,3/6/1987,0.1,0.9,1.48E+04,0.09,3.70E+04,0.04,1.22E+05,0.07,3.33E+04,0.04,8.51E+04,0.02,3.89E+05,0.03,1.18E+05,1.04E+05,1.48E+04,51.35759099,30.38310202,,,
145,100,25,3/6/1987,0.08,0.7,1.48E+04,0.13,2.96E+04,0.05,,,4.44E+04,0.05,1.07E+05,0.03,3.11E+05,0.04,1.52E+05,5.55E+04,9.62E+04,51.34959013,30.45395498,,,
146,100,30,3/6/1987,0.05,0.4,7.40E+03,0.13,1.85E+04,0.05,5.55E+04,0.1,1.85E+04,0.05,4.81E+04,0.03,2.18E+05,0.04,6.66E+04,4.81E+04,1.85E+04,51.34154654,30.52478314,,,
147,100,37.5,5/6/1987,0.025,0.2,,,7.40E+03,0.07,,,3.70E+03,0.11,1.85E+04,0.04,7.33E+04,0.06,2.22E+04,2.07E+04,1.48E+03,51.32940112,30.63097862,,,
148,100,45,5/6/1987,0.03,0.3,3.70E+03,0.19,1.11E+04,0.06,3.70E+04,0.13,1.11E+04,0.08,2.96E+04,0.04,1.41E+05,0.05,4.07E+04,3.77E+04,2.96E+03,51.31715973,30.73711763,,,
149,100,52.5,5/6/1987,0.03,0.3,,,7.40E+03,0.05,1.48E+04,0.11,3.70E+03,0.07,1.11E+04,0.04,5.55E+04,0.05,1.48E+04,1.11E+04,3.70E+03,51.30482246,30.84319979,,,
150,100,60,5/6/1987,0.025,0.2,,,3.70E+03,0.26,,,,,,,4.07E+04,0.2,,,,51.2923894,30.94922471,,,
151,110,5,,,,,,,,,,,,,,,,,,,51.37376786,30.16713392,,,
152,110,6,,,,,,,,,,,,,,,,,,,51.37068342,30.18066635,,,
153,110,7,2/6/1987,1,8.7,1.74E+05,0.03,4.03E+05,0.01,1.09E+06,0.03,2.26E+05,0.02,5.74E+05,0.01,4.63E+06,0.01,7.99E+05,6.92E+05,1.07E+05,51.36759742,30.19419695,,,
154,110,8.3,4/6/1987,0.9,7.9,1.15E+05,0.05,2.18E+05,0.02,5.92E+05,0.04,1.15E+05,0.03,3.26E+05,0.02,2.30E+06,0.02,4.40E+05,4.11E+05,2.96E+04,51.3635833,30.21178401,,,
155,110,10,4/6/1987,0.8,7,1.30E+05,0.09,2.33E+05,0.04,1.14E+06,0.07,1.41E+05,0.07,4.33E+05,0.03,2.80E+06,0.03,5.74E+05,5.00E+05,7.33E+04,51.35833008,30.23477782,,,
156,110,12,4/6/1987,0.01,0.1,2.59E+04,0.15,5.55E+04,0.06,1.44E+05,0.15,3.70E+04,0.09,1.07E+05,0.05,6.51E+05,0.04,1.44E+05,1.15E+05,2.96E+04,51.35214407,30.2618226,,,
157,110,14.7,3/6/1987,0.12,1,1.85E+04,0.08,3.33E+04,0.04,8.51E+04,0.08,2.59E+04,0.04,6.66E+04,0.03,3.18E+05,0.03,9.25E+04,7.73E+04,1.52E+04,51.34378308,30.29832147,,,
158,110,17,3/6/1987,0.2,1.7,5.55E+04,0.05,1.15E+05,0.02,3.44E+05,0.04,7.77E+04,0.03,2.07E+05,0.02,1.25E+06,0.02,2.85E+05,2.78E+05,7.40E+03,51.33665181,30.32940259,,,
159,110,20,3/6/1987,0.1,0.9,2.22E+04,0.08,5.92E+04,0.03,1.96E+05,0.05,3.33E+04,0.04,8.51E+04,0.03,7.36E+05,0.02,1.18E+05,8.51E+04,3.33E+04,51.3273378,30.36992865,,,
160,110,25,3/6/1987,0.06,0.5,1.11E+04,0.11,2.59E+04,0.04,9.25E+04,0.07,1.85E+04,0.05,5.18E+04,0.03,2.41E+05,0.03,7.03E+04,6.29E+04,7.40E+03,51.31178339,30.43743546,,,
161,110,30,3/6/1987,0.07,0.6,7.40E+03,0.14,1.85E+04,0.06,2.22E+04,0.2,1.48E+04,0.06,3.33E+04,0.05,1.96E+05,0.04,4.81E+04,2.96E+04,1.85E+04,51.29619019,30.50489647,,,
162,110,37.5,5/6/1987,0.06,0.5,,,1.11E+04,0.07,3.33E+04,0.12,1.48E+04,0.06,4.81E+04,0.03,9.99E+04,0.07,6.29E+04,5.92E+04,3.70E+03,51.2727278,30.60600195,,,
163,110,45,5/6/1987,0.02,0.2,,,7.40E+03,0.08,,,3.70E+03,0.11,1.11E+04,0.07,8.14E+04,0.07,1.48E+04,1.15E+04,3.33E+03,51.24917841,30.70700404,,,
164,110,52.5,5/6/1987,0.05,0.4,3.70E+03,0.13,1.11E+04,0.05,4.07E+04,0.08,7.40E+03,0.06,2.22E+04,0.03,1.15E+05,0.04,2.96E+04,2.22E+04,7.40E+03,51.2255422,30.80790255,,,
165,110,60,5/6/1987,0.01,0.1,,,3.70E+03,0.09,,,7.40E+03,0.08,1.11E+04,0.07,5.92E+04,0.1,1.85E+04,1.74E+04,1.11E+03,51.20181933,30.90869728,,,
166,120,5,,,,,,,,,,,,,,,,,,,51.36666707,30.16181772,,,
167,120,6,2/6/1987,1,8.7,1.33E+05,0.04,3.26E+05,0.01,1.09E+06,0.02,1.63E+05,0.02,5.40E+05,0.01,3.09E+06,0.01,7.03E+05,6.73E+05,2.96E+04,51.36216318,30.17428502,,,
168,120,7,4/6/1987,0.8,7,9.62E+04,0.05,2.11E+05,0.02,7.55E+05,0.04,1.22E+05,0.03,3.74E+05,0.02,2.43E+06,0.01,4.96E+05,4.59E+05,3.70E+04,51.35765796,30.18674987,,,
169,120,8.3,4/6/1987,0.5,4.4,9.62E+04,0.06,2.04E+05,0.02,5.25E+05,0.05,1.04E+05,0.03,2.70E+05,0.02,2.22E+06,0.02,3.74E+05,3.37E+05,3.70E+04,51.35179921,30.20295051,,,
170,120,10,4/6/1987,0.01,0.1,4.07E+04,0.06,9.99E+04,0.02,3.18E+05,0.04,5.18E+04,0.03,1.44E+05,0.02,9.14E+05,0.02,1.96E+05,1.33E+05,6.29E+04,51.34413438,30.2241297,,,
171,120,12,3/6/1987,0.2,1.7,4.44E+04,0.05,9.62E+04,0.02,2.59E+05,0.04,5.18E+04,0.03,1.52E+05,0.02,9.03E+05,0.02,2.04E+05,2.04E+05,,51.33511206,30.24903733,,,
172,120,14.7,3/6/1987,0.1,0.9,2.59E+04,0.07,5.18E+04,0.03,1.96E+05,0.05,4.07E+04,0.03,1.07E+05,0.02,5.88E+05,0.02,1.48E+05,1.22E+05,2.59E+04,51.32292355,30.28264708,,,
173,120,17,2/6/1987,1,8.7,1.85E+04,0.08,3.70E+04,0.04,1.04E+05,0.07,2.22E+04,0.05,6.66E+04,0.03,4.03E+05,0.02,8.88E+04,5.55E+04,3.33E+04,51.31253316,30.31126351,,,
174,120,20,5/6/1987,0.1,0.9,,,4.07E+04,0.07,1.41E+05,0.16,1.85E+04,0.15,7.03E+04,0.06,4.59E+05,0.06,8.88E+04,5.92E+04,2.96E+04,51.29897,30.34856982,,,
175,120,25,5/6/1987,0.025,0.2,1.11E+04,0.11,2.22E+04,0.05,5.92E+04,0.1,1.11E+04,0.06,4.07E+04,0.03,2.07E+05,0.04,5.18E+04,3.70E+04,1.48E+04,51.27633843,30.41069799,,,
176,120,30,2/6/1987,0.05,0.4,7.40E+03,0.14,1.85E+04,0.05,5.18E+04,0.11,1.11E+04,0.08,3.70E+04,0.04,2.00E+05,0.04,4.81E+04,4.81E+04,,51.253674,30.47276494,,,
177,120,37.5,,,,,,,,,,,,,,,,,,,51.21961591,30.56575062,,,
178,120,45,5/6/1987,0.05,0.4,1.48E+04,0.12,2.22E+04,0.06,1.18E+05,0.09,1.85E+04,0.07,4.44E+04,0.04,2.52E+05,0.05,6.29E+04,5.18E+04,1.11E+04,51.18548424,30.65859867,,,
179,120,52.5,5/6/1987,0.05,0.4,7.40E+03,0.11,1.11E+04,0.05,2.96E+04,0.09,7.40E+03,0.06,1.85E+04,0.04,1.44E+05,0.03,2.59E+04,2.22E+04,3.70E+03,51.1512792,30.75130915,,,
180,120,60,5/6/1987,0.01,0.1,7.40E+03,0.2,1.11E+04,0.09,7.40E+03,0.85,,,2.22E+04,0.07,1.11E+05,0.08,2.22E+04,1.78E+04,4.44E+03,51.11700098,30.84388215,,,
181,130,5,2/6/1987,0.8,7,4.03E+05,0.09,9.29E+05,0.04,3.92E+06,0.05,6.11E+05,0.04,1.53E+06,0.03,9.88E+06,0.03,2.14E+06,1.40E+06,7.40E+05,51.36025007,30.15460912,,,
182,130,6,,,,,,,,,,,,,,,,,,,51.35446365,30.16563369,,,
183,130,7,4/6/1987,0.5,4.4,1.26E+05,0.07,2.59E+05,0.03,8.14E+05,0.06,1.33E+05,0.05,4.18E+05,0.02,2.96E+06,0.02,5.51E+05,4.88E+05,6.29E+04,51.34867619,30.17665548,,,
184,130,8.3,4/6/1987,0.4,3.5,9.62E+04,0.07,1.63E+05,0.04,6.81E+05,0.06,1.07E+05,0.05,2.59E+05,0.03,1.80E+06,0.02,3.66E+05,3.07E+05,5.92E+04,51.34115095,30.19097965,,,
185,130,10,4/6/1987,0.3,2.6,3.70E+04,0.08,7.40E+04,0.03,2.11E+05,0.07,5.18E+04,0.05,1.33E+05,0.03,8.07E+05,0.02,1.85E+05,1.30E+05,5.55E+04,51.33130761,30.20970415,,,
186,130,12,,,,,,,,,,,,,,,,,,,51.31972339,30.23172269,,,
187,130,14.7,5/6/1987,0.1,0.9,2.22E+04,0.07,4.44E+04,0.03,1.41E+05,0.06,3.70E+04,0.04,9.62E+04,0.02,5.03E+05,0.02,1.33E+05,4.81E+04,8.51E+04,51.30407815,30.26143008,,,
188,130,17,2/6/1987,0.07,0.6,2.59E+04,0.07,4.81E+04,0.03,1.37E+05,0.06,2.96E+04,0.04,8.14E+04,0.03,5.29E+05,0.02,1.11E+05,7.40E+04,3.70E+04,51.2907448,30.2867204,,,
189,130,20,,,,,,,,,,,,,,,,,,,51.2733453,30.3196857,,,
190,130,25,5/6/1987,0.033,0.3,1.85E+04,0.15,3.70E+04,0.05,1.11E+05,0.11,2.22E+04,0.09,6.29E+04,0.05,3.96E+05,0.04,8.51E+04,5.92E+04,2.59E+04,51.24432557,30.3745724,,,
191,130,30,,,,,,,,,,,,,,,,,,,51.21528021,30.42938986,,,
192,130,37.5,,,,,,,,,,,,,,,,,,,51.17166423,30.51148642,,,
193,130,45,5/6/1987,0.02,0.2,1.48E+04,0.12,2.96E+04,0.05,8.51E+04,0.11,2.22E+04,0.08,5.18E+04,0.04,2.78E+05,0.04,7.40E+04,5.18E+04,2.22E+04,51.1279909,30.59342773,,,
194,130,52.5,5/6/1987,0.02,0.2,3.70E+03,0.18,7.40E+03,0.06,2.96E+04,0.11,7.40E+03,0.07,1.85E+04,0.04,9.25E+04,0.05,2.59E+04,2.22E+04,3.70E+03,51.08426042,30.67521411,,,
195,130,60,5/6/1987,0.02,0.2,,,1.11E+04,0.11,4.44E+04,0.19,,,2.22E+04,0.08,9.62E+04,0.11,2.22E+04,2.11E+04,1.11E+03,51.04047299,30.7568459,,,
196,140,5,,,,,,,,,,,,,,,,,,,51.35471153,30.1457275,,,
197,140,6,,,,,,,,,,,,,,,,,,,51.34781832,30.15497576,,,
198,140,7,,,,,,,,,,,,,,,,,,,51.34092438,30.16422123,,,
199,140,8.3,,,,,,,,,,,,,,,,,,,51.33196117,30.17623619,,,
200,140,10,,,,,,,,,,,,,,,,,,,51.32023819,30.19194098,,,
201,140,12,4/6/1987,1.5,13.1,2.18E+05,0.05,3.44E+05,0.03,1.14E+06,0.06,2.18E+05,0.04,5.92E+05,0.02,4.07E+06,0.02,8.10E+05,6.11E+05,2.00E+05,51.30644376,30.21040692,,,
202,140,14.7,4/6/1987,0.8,7,1.30E+05,0.05,2.37E+05,0.02,9.32E+05,0.04,1.52E+05,0.03,4.26E+05,0.02,2.53E+06,0.01,5.77E+05,4.81E+05,9.62E+04,51.28781669,30.23531834,,,
203,140,17,4/6/1987,0.6,5.2,1.85E+05,0.06,3.55E+05,0.02,9.84E+05,0.06,1.11E+05,0.08,5.70E+05,0.02,4.18E+05,0.01,6.81E+05,5.66E+05,1.15E+05,51.27194501,30.25652324,,,
204,140,20,,,,,,,,,,,,,,,,,,,51.25123707,30.2841598,,,
205,140,25,,,,,,,,,,,,,,,,,,,51.2167094,30.33016544,,,
206,140,30,4/6/1987,0.15,1.3,4.81E+04,0.17,8.88E+04,0.07,,,6.29E+04,0.09,1.59E+05,0.06,8.33E+05,0.05,2.22E+05,2.11E+05,1.11E+04,51.18216372,30.37610212,,,
207,140,37.5,5/6/1987,0.04,0.3,7.40E+03,0.12,1.85E+04,0.05,8.88E+04,0.07,1.11E+04,0.06,3.33E+04,0.04,1.85E+05,0.04,4.44E+04,2.59E+04,1.85E+04,51.13031154,30.44487815,,,
208,140,45,,,,,,,,,,,,,,,,,,,51.07841911,30.51349985,,,
209,140,52.5,5/6/1987,0.03,0.3,7.40E+03,0.08,1.48E+04,0.03,5.55E+04,0.05,7.40E+03,0.05,1.85E+04,0.03,1.89E+05,0.02,2.59E+04,1.74E+04,8.51E+03,51.0264866,30.58196773,,,
210,140,60,5/6/1987,0.04,0.3,3.70E+03,0.16,1.11E+04,0.07,4.07E+04,0.12,7.40E+03,0.08,1.85E+04,0.05,1.18E+05,0.05,2.59E+04,2.48E+04,1.11E+03,50.97451417,30.65028231,,,
211,150,5,,,,,,,,,,,,,,,,,,,51.35021938,30.13544274,,,
212,150,6,2/6/1987,4,34.9,9.84E+05,0.06,1.77E+06,0.03,5.99E+06,0.05,1.04E+06,0.04,2.60E+06,0.02,1.64E+07,0.02,3.63E+06,3.53E+06,1.07E+05,51.3424286,30.14263506,,,
213,150,7,4/6/1987,3,26.2,1.01E+06,0.06,2.19E+06,0.02,7.44E+06,0.04,9.84E+05,0.04,2.59E+06,0.02,2.15E+07,0.02,3.57E+06,3.35E+06,2.18E+05,51.33463738,30.14982493,,,
214,150,8.3,4/6/1987,3.5,30.6,5.96E+05,0.05,1.18E+06,0.02,5.14E+06,0.03,7.25E+05,0.03,1.99E+06,0.02,1.32E+07,0.01,2.71E+06,2.66E+06,4.81E+04,51.32450814,30.15916811,,,
215,150,10,4/6/1987,1.8,15.7,2.66E+05,0.08,5.74E+05,0.03,2.11E+06,0.05,3.15E+05,0.05,7.81E+05,0.02,6.29E+06,0.02,1.10E+06,8.55E+05,2.41E+05,51.31126109,30.17137988,,,
216,150,12,4/6/1987,1.5,13.1,1.74E+05,0.08,3.18E+05,0.04,5.59E+05,0.17,2.37E+05,0.05,6.14E+05,0.03,3.69E+06,0.02,8.51E+05,7.33E+05,1.18E+05,51.29567469,30.18573766,,,
217,150,14.7,4/6/1987,0.3,2.6,1.85E+05,0.08,3.07E+05,0.04,1.22E+06,0.07,1.81E+05,0.06,5.29E+05,0.03,3.64E+06,0.02,7.10E+05,6.92E+05,1.85E+04,51.27463027,30.20510519,,,
218,150,17,3/6/1987,0.2,1.7,4.44E+04,0.06,1.15E+05,0.02,3.44E+05,0.04,7.03E+04,0.03,1.96E+05,0.02,1.16E+06,0.02,2.66E+05,2.22E+05,4.44E+04,51.25670103,30.22158948,,,
219,150,20,3/6/1987,0.2,1.7,4.44E+04,0.05,1.04E+05,0.02,3.26E+05,0.04,6.29E+04,0.03,1.78E+05,0.02,1.05E+06,0.02,2.41E+05,2.22E+05,1.85E+04,51.23331158,30.2430714,,,
220,150,25,3/6/1987,0.07,0.6,1.85E+04,0.08,4.07E+04,0.03,1.44E+05,0.06,2.59E+04,0.04,6.66E+04,0.03,4.26E+05,0.02,9.25E+04,7.03E+04,2.22E+04,51.19432045,30.27882611,,,
221,150,30,2/6/1987,0.12,1,2.96E+04,0.07,6.29E+04,0.03,2.96E+05,0.04,4.81E+04,0.04,1.41E+05,0.02,6.70E+05,0.02,1.89E+05,1.30E+05,5.92E+04,51.15531843,30.31452035,,,
222,150,37.5,3/6/1987,0.07,0.6,,,2.59E+04,0.1,,,1.85E+04,0.14,4.44E+04,0.08,2.85E+05,0.07,6.29E+04,5.55E+04,7.40E+03,51.09679509,30.3679487,,,
223,150,45,,,,,,,,,,,,,,,,,,,51.03824746,30.42124194,,,
224,150,52.5,,,,,,,,,,,,,,,,,,,50.97967566,30.47440064,,,
225,150,60,5/6/1987,0.04,0.3,7.40E+03,0.25,1.48E+04,0.08,,,3.70E+03,0.26,2.96E+04,0.07,1.07E+05,0.13,3.33E+04,3.15E+04,1.85E+03,50.92107979,30.52742537,,,
226,160,5,4/6/1987,3.2,27.9,1.37E+05,0.04,4.88E+05,0.11,1.04E+06,0.03,2.44E+05,0.02,8.51E+05,0.01,5.03E+06,0.01,1.10E+06,9.62E+05,1.33E+05,51.34690979,30.12406695,,,
227,160,6,4/6/1987,1.8,15.7,1.89E+05,0.14,5.07E+05,0.05,1.50E+06,0.1,2.85E+05,0.07,8.29E+05,0.04,5.37E+06,0.05,1.11E+06,8.58E+05,2.55E+05,51.3384578,30.128986,,,
228,160,7,5/6/1987,1.4,12.2,2.81E+05,0.05,5.11E+05,0.02,1.83E+06,0.04,4.26E+05,0.03,1.15E+06,0.01,6.03E+06,0.01,1.58E+06,1.52E+06,5.92E+04,51.3300056,30.13390324,,,
229,160,8.3,4/6/1987,0.8,7,3.22E+05,0.06,5.59E+05,0.03,2.33E+06,0.05,3.59E+05,0.04,1.02E+06,0.02,6.07E+06,0.02,1.38E+06,1.01E+06,3.66E+05,51.31901743,30.14029294,,,
230,160,10,4/6/1987,0.8,7,1.18E+05,0.07,2.41E+05,0.03,8.21E+05,0.06,1.33E+05,0.05,3.85E+05,0.02,2.83E+06,0.02,5.18E+05,3.26E+05,1.92E+05,51.30464777,30.14864408,,,
231,160,12,4/6/1987,0.75,6.5,1.55E+05,0.06,2.81E+05,0.03,1.28E+06,0.04,1.81E+05,0.04,5.00E+05,0.02,3.21E+06,0.02,6.81E+05,5.03E+05,1.78E+05,51.28774152,30.15846227,,,
232,160,14.7,5/6/1987,0.4,3.5,1.85E+04,0.09,2.96E+04,0.04,8.51E+04,0.08,2.22E+04,0.05,6.29E+04,0.03,3.89E+05,0.03,8.51E+04,5.18E+04,3.33E+04,51.26491678,30.17170535,,,
233,160,17,5/6/1987,0.25,2.2,3.33E+04,0.15,7.40E+03,0.05,3.85E+05,0.08,5.18E+04,0.07,1.33E+05,0.04,8.14E+05,0.04,1.85E+05,1.49E+05,3.55E+04,51.24547231,30.18297613,,,
234,160,20,2/6/1987,0.1,0.9,2.59E+04,0.07,5.92E+04,0.03,2.18E+05,0.05,3.33E+04,0.04,9.25E+04,0.02,5.66E+05,0.02,1.26E+05,1.15E+05,1.11E+04,51.22010833,30.19766283,,,
235,160,25,2/6/1987,0.1,0.9,1.85E+04,0.08,3.70E+04,0.04,1.18E+05,0.06,2.59E+04,0.04,7.40E+04,0.03,3.70E+05,0.03,9.99E+04,5.55E+04,4.44E+04,51.17783095,30.22210473,,,
236,160,30,2/6/1987,0.08,0.7,1.48E+04,0.11,3.33E+04,0.04,1.37E+05,0.06,1.85E+04,0.05,5.55E+04,0.03,4.11E+05,0.03,7.40E+04,5.48E+04,1.92E+04,51.13554848,30.24650184,,,
237,160,37.5,5/6/1987,0.08,0.7,1.11E+04,0.1,1.85E+04,0.05,7.77E+04,0.08,2.59E+04,0.04,7.03E+04,0.03,2.15E+05,0.04,9.62E+04,9.07E+04,5.55E+03,51.07211529,30.28301385,,,
238,160,45,5/6/1987,0.07,0.6,,,1.11E+04,0.11,,,3.70E+03,0.56,3.70E+04,0.07,1.55E+05,0.08,4.07E+04,3.03E+04,1.04E+04,51.00867076,30.31942589,,,
239,160,52.5,5/6/1987,0.06,0.5,7.40E+03,0.14,1.11E+04,0.07,5.18E+04,0.1,1.48E+04,0.05,4.44E+04,0.03,1.44E+05,0.05,5.92E+04,5.18E+04,7.40E+03,50.94521495,30.35573844,,,
240,160,60,5/6/1987,0.05,0.4,,,1.85E+04,0.12,,,1.11E+04,0.16,4.44E+04,0.08,2.22E+05,0.09,5.55E+04,4.07E+04,1.48E+04,50.8817479,30.39195199,,,
241,170,5,5/6/1987,2.6,22.7,1.30E+05,0.06,3.44E+05,0.02,1.30E+06,0.03,2.22E+05,0.03,5.70E+05,0.02,4.92E+06,0.01,7.92E+05,5.11E+05,2.81E+05,51.34488306,30.11194506,,,
242,170,6,4/6/1987,1.2,10.5,1.44E+05,0.06,4.55E+05,0.02,1.61E+06,0.03,2.41E+05,0.03,5.70E+05,0.02,4.03E+06,0.01,8.10E+05,6.73E+05,1.37E+05,51.33602618,30.11444229,,,
243,170,7,,,,,,,,,,,,,,,,,,,51.32716924,30.11693855,,,
244,170,8.3,4/6/1987,1.1,9.6,2.22E+05,0.05,3.18E+05,0.02,1.62E+06,0.03,2.04E+05,0.03,6.36E+05,0.02,3.35E+06,0.02,8.40E+05,5.37E+05,3.03E+05,51.31565515,30.12018225,,,
245,170,10,4/6/1987,1.2,10.5,9.25E+04,0.05,1.89E+05,0.02,6.62E+05,0.04,9.99E+04,0.03,2.74E+05,0.02,1.92E+06,0.02,3.74E+05,2.74E+05,9.99E+04,51.30059812,30.12442155,,,
246,170,12,4/6/1987,0.7,6.1,1.04E+05,0.12,2.15E+05,0.05,7.88E+05,0.04,8.51E+04,0.12,3.85E+05,,2.55E+06,0.03,4.70E+05,4.29E+05,4.07E+04,51.28288378,30.1294054,,,
247,170,14.7,5/6/1987,0.3,2.6,3.33E+04,0.09,7.03E+04,0.04,2.18E+05,0.08,4.44E+04,0.05,1.15E+05,0.03,7.10E+05,0.03,1.59E+05,1.15E+05,4.44E+04,51.25896907,30.13612751,,,
248,170,17,3/6/1987,0.12,1,4.07E+04,0.05,8.14E+04,0.02,2.96E+05,0.04,6.29E+04,0.03,1.55E+05,0.02,8.81E+05,0.02,2.18E+05,1.96E+05,2.22E+04,51.23859699,30.14184824,,,
249,170,20,5/6/1987,0.15,1.3,3.70E+04,0.06,7.77E+04,0.03,2.63E+05,0.04,4.07E+04,0.03,1.18E+05,0.02,8.70E+05,0.02,1.59E+05,1.26E+05,3.33E+04,51.21202428,30.14930245,,,
250,170,25,5/6/1987,0.12,1,4.07E+04,0.12,5.92E+04,0.06,1.44E+05,0.17,2.59E+04,0.16,1.26E+05,0.04,6.51E+05,0.04,1.52E+05,1.41E+05,1.11E+04,51.16773539,30.16170703,,,
251,170,30,2/6/1987,0.03,0.3,1.11E+04,0.1,1.85E+04,0.05,5.92E+04,0.09,1.48E+04,0.06,4.07E+04,0.04,2.18E+05,0.04,5.55E+04,3.70E+04,1.85E+04,51.12344519,30.17408781,,,
252,170,37.5,5/6/1987,0.06,0.5,1.48E+04,0.16,1.85E+04,0.08,5.18E+04,0.18,1.85E+04,0.1,5.18E+04,0.05,1.78E+05,0.07,7.03E+04,4.74E+04,2.29E+04,51.05700744,30.19261454,,,
253,170,45,5/6/1987,0.05,0.4,1.48E+04,0.09,2.59E+04,0.04,2.26E+05,0.05,2.96E+04,0.04,8.14E+04,0.02,2.85E+05,0.03,1.11E+05,9.25E+04,1.85E+04,50.99056677,30.21108817,,,
254,170,52.5,5/6/1987,0.05,0.4,7.40E+03,0.13,1.11E+04,0.07,2.59E+04,0.14,1.11E+04,0.07,2.96E+04,0.04,1.30E+05,0.05,4.07E+04,2.96E+04,1.11E+04,50.92412319,30.22950899,,,
255,170,60,5/6/1987,0.05,0.4,7.40E+03,0.15,1.11E+04,0.07,4.07E+04,0.13,1.11E+04,0.07,2.96E+04,0.04,1.07E+05,0.06,4.07E+04,1.48E+04,2.59E+04,50.85767673,30.24787726,,,
256,180,5,4/6/1987,2.5,21.8,1.65E+06,0.04,2.83E+06,0.02,1.12E+07,0.03,2.01E+06,0.02,5.44E+06,0.01,2.75E+07,0.01,7.44E+06,7.22E+06,2.26E+05,51.34420059,30.09944444,,,
257,180,6,5/6/1987,1.8,15.7,2.04E+05,0.04,5.40E+05,0.01,1.13E+06,0.04,1.89E+05,0.03,6.18E+05,0.02,5.22E+06,0.01,8.07E+05,5.77E+05,2.29E+05,51.33520737,30.09944444,,,
258,180,7,5/6/1987,1.4,12.2,,,5.66E+05,0.04,1.46E+06,0.12,1.04E+05,0.28,8.36E+05,0.04,6.66E+06,0.04,9.40E+05,5.48E+05,3.92E+05,51.32621416,30.09944444,,,
259,180,8.3,4/6/1987,1,8.7,1.07E+05,0.06,2.81E+05,0.02,8.03E+05,0.05,1.52E+05,0.03,4.59E+05,0.02,3.01E+06,0.01,6.11E+05,4.63E+05,1.48E+05,51.31452298,30.09944444,,,
260,180,10,4/6/1987,1,8.7,1.89E+05,0.08,3.70E+05,0.03,1.20E+06,0.07,2.07E+05,0.05,5.44E+05,0.03,3.81E+06,0.02,7.51E+05,6.88E+05,6.29E+04,51.29923451,30.09944444,,,
261,180,12,4/6/1987,0.6,5.2,2.22E+05,0.07,4.03E+05,0.03,1.26E+06,0.07,2.81E+05,0.05,8.03E+05,0.02,4.70E+06,0.02,1.08E+06,1.08E+06,,51.28124808,30.09944444,,,
262,180,14.7,5/6/1987,0.35,3.1,4.07E+04,0.08,9.62E+04,0.03,3.18E+05,0.06,5.18E+04,0.05,1.63E+05,0.03,9.92E+05,0.02,2.15E+05,1.74E+05,4.07E+04,51.25696639,30.09944444,,,
263,180,17,5/6/1987,0.3,2.6,4.07E+04,0.08,8.51E+04,0.03,4.66E+05,0.05,8.14E+04,0.03,2.18E+05,0.02,9.51E+05,0.02,3.00E+05,2.37E+05,6.29E+04,51.236282,30.09944444,,,
264,180,20,2/6/1987,0.12,1,2.22E+04,0.07,3.70E+04,0.04,1.18E+05,0.07,1.85E+04,0.05,5.18E+04,0.03,3.89E+05,0.03,7.03E+04,7.03E+04,,51.20930235,30.09944444,,,
265,180,25,5/6/1987,0.18,1.6,1.48E+04,0.09,2.96E+04,0.04,1.15E+05,0.06,2.22E+04,0.04,6.66E+04,0.03,3.18E+05,0.03,8.88E+04,7.77E+04,1.11E+04,51.16433627,30.09944444,,,
266,180,30,5/6/1987,0.1,0.9,1.85E+04,0.07,3.33E+04,0.03,1.04E+05,0.06,1.11E+04,0.07,4.07E+04,0.03,3.55E+05,0.02,5.18E+04,4.07E+04,1.11E+04,51.11937019,30.09944444,,,
267,180,37.5,5/6/1987,0.1,0.9,1.48E+04,0.1,3.33E+04,0.04,1.07E+05,0.07,2.96E+04,0.04,7.40E+04,0.03,3.85E+05,0.03,1.04E+05,8.88E+04,1.48E+04,51.05192107,30.09944444,,,
268,180,45,5/6/1987,0.06,0.5,1.11E+04,0.11,1.85E+04,0.05,8.14E+04,0.07,1.85E+04,0.05,5.55E+04,0.03,1.67E+05,0.04,7.40E+04,7.03E+04,3.70E+03,50.98447195,30.09944444,,,
269,180,52.5,5/6/1987,0.05,0.4,7.40E+03,0.26,1.85E+04,0.08,,,7.40E+03,0.27,4.81E+04,0.06,2.00E+05,0.06,5.55E+04,4.63E+04,9.25E+03,50.91702283,30.09944444,,,
270,180,60,5/6/1987,0.04,0.3,,,3.70E+03,0.18,,,3.70E+03,0.33,3.33E+04,0.07,5.92E+04,0.19,3.70E+04,3.33E+04,3.70E+03,50.84957371,30.09944444,,,
271,190,5,5/6/1987,4,34.9,3.22E+05,0.1,6.59E+05,0.05,2.70E+06,0.07,4.88E+05,0.05,1.34E+06,0.03,6.88E+06,0.04,1.82E+06,1.54E+06,2.89E+05,51.34488306,30.08694382,,,
272,190,6,4/6/1987,1.5,13.1,1.07E+05,0.07,3.26E+05,0.02,1.16E+06,0.04,2.29E+05,0.03,6.48E+05,0.02,3.96E+06,0.01,8.77E+05,7.96E+05,8.14E+04,51.33602618,30.08444659,,,
273,190,7,5/6/1987,1.2,10.5,3.77E+05,0.05,6.77E+05,0.02,2.56E+06,0.04,3.70E+05,0.04,1.12E+06,0.02,7.40E+06,0.02,1.49E+06,1.22E+06,2.78E+05,51.32716924,30.08195033,,,
274,190,8.3,5/6/1987,1,8.7,1.15E+05,0.04,2.85E+05,0.01,7.77E+05,0.03,1.59E+05,0.02,4.77E+05,0.01,2.98E+06,0.01,6.36E+05,5.74E+05,6.29E+04,51.31565515,30.07870663,,,
275,190,10,4/6/1987,0.9,7.9,1.22E+05,0.1,2.85E+05,0.4,7.92E+05,0.1,6.66E+04,0.2,5.00E+05,0.03,3.49E+06,0.02,5.66E+05,2.42E+05,3.24E+05,51.30059812,30.07446733,,,
276,190,12,4/6/1987,0.75,6.5,9.62E+04,0.05,1.92E+05,0.02,7.14E+05,0.04,9.25E+04,0.04,2.74E+05,0.02,2.01E+06,0.02,3.66E+05,3.07E+05,5.92E+04,51.28288378,30.06948348,,,
277,190,14.7,5/6/1987,0.4,3.5,1.07E+05,0.08,2.26E+05,0.03,8.10E+05,0.06,1.33E+05,0.05,3.89E+05,0.02,2.46E+06,0.02,5.22E+05,4.59E+05,6.29E+04,51.25896907,30.06276137,,,
278,190,17,,,,,,,,,,,,,,,,,,,51.23859699,30.05704064,,,
279,190,20,5/6/1987,0.28,2.4,6.66E+04,0.12,1.22E+05,0.05,3.15E+05,0.14,2.59E+04,0.23,1.74E+05,0.05,1.42E+06,0.03,2.00E+05,2.00E+05,,51.21202428,30.04958643,,,
280,190,25,5/6/1987,0.14,1.2,3.70E+04,0.14,5.92E+04,0.06,1.96E+05,0.12,5.55E+04,0.07,1.41E+05,0.04,8.62E+05,0.04,1.96E+05,1.74E+05,2.22E+04,51.16773539,30.03718185,,,
281,190,30,5/6/1987,0.15,1.3,6.66E+04,0.11,1.30E+05,0.05,3.37E+05,0.11,5.55E+04,0.1,1.78E+05,0.05,1.17E+06,0.04,2.33E+05,2.29E+05,3.70E+03,51.12344519,30.02480107,,,
282,190,37.5,5/6/1987,0.06,0.5,1.11E+04,0.12,1.85E+04,0.05,9.25E+04,0.07,1.85E+04,0.05,4.81E+04,0.03,2.44E+05,0.03,6.66E+04,6.48E+04,1.85E+03,51.05700744,30.00627434,,,
283,190,45,5/6/1987,0.05,0.4,1.11E+04,0.11,2.22E+04,0.05,8.88E+04,0.08,1.85E+04,0.06,5.18E+04,0.03,2.59E+05,0.03,7.03E+04,6.59E+04,4.44E+03,50.99056677,29.98780071,,,
284,190,52.5,5/6/1987,0.06,0.5,,,,,8.14E+04,0.2,1.48E+04,0.13,3.70E+04,0.09,1.26E+05,0.13,5.18E+04,4.81E+04,3.70E+03,50.92412319,29.96937989,,,
285,190,60,5/6/1987,0.03,0.3,1.11E+04,0.16,1.48E+04,0.09,,,7.40E+03,0.23,4.07E+04,0.06,1.59E+05,0.08,4.81E+04,4.11E+04,7.03E+03,50.85767673,29.95101162,,,
286,200,5,5/6/1987,1,8.7,1.18E+05,0.05,2.44E+05,0.02,8.18E+05,0.04,1.26E+05,0.03,3.55E+05,0.02,2.96E+06,0.01,4.81E+05,3.59E+05,1.22E+05,51.34690979,30.07482193,,,
287,200,6,5/6/1987,0.9,7.9,1.37E+05,0.05,3.03E+05,0.02,9.84E+05,0.04,1.48E+05,0.03,4.51E+05,0.02,3.58E+06,0.01,5.99E+05,4.74E+05,1.26E+05,51.3384578,30.06990288,,,
288,200,7,5/6/1987,0.6,5.2,7.03E+04,0.04,1.55E+05,0.02,4.81E+05,0.03,7.40E+04,0.03,2.15E+05,0.02,1.65E+06,0.01,2.89E+05,2.41E+05,4.81E+04,51.3300056,30.06498564,,,
289,200,8.3,5/6/1987,0.4,3.5,1.18E+05,0.07,2.00E+05,0.03,7.22E+05,0.06,1.22E+05,0.05,3.11E+05,0.03,2.31E+06,0.02,4.33E+05,3.00E+05,1.33E+05,51.31901743,30.05859594,,,
290,200,10,4/6/1987,0.45,3.9,4.44E+04,0.07,9.99E+04,0.03,4.07E+05,0.06,4.81E+04,0.05,1.44E+05,0.03,1.24E+06,0.02,1.92E+05,1.41E+05,5.18E+04,51.30464777,30.0502448,,,
291,200,12,4/6/1987,0.4,3.5,2.96E+04,0.1,8.51E+04,0.03,3.40E+05,0.05,4.44E+04,0.05,1.18E+05,0.03,8.62E+05,0.02,1.63E+05,1.18E+05,4.44E+04,51.28774152,30.04042661,,,
292,200,14.7,4/6/1987,0.21,1.8,4.81E+04,0.12,8.88E+04,0.05,4.55E+05,0.08,7.03E+04,0.06,1.89E+05,0.04,1.16E+06,0.03,2.59E+05,2.15E+05,4.44E+04,51.26491678,30.02718353,,,
293,200,17,4/6/1987,0.18,1.6,4.07E+04,0.12,5.55E+04,0.06,,,8.88E+04,0.05,2.07E+05,0.03,7.47E+05,0.04,2.96E+05,2.52E+05,4.44E+04,51.24547231,30.01591275,,,
294,200,20,2/6/1987,0.1,0.9,1.85E+04,0.08,3.70E+04,0.04,1.07E+05,0.07,2.22E+04,0.05,6.29E+04,0.03,4.44E+05,0.02,8.51E+04,8.14E+04,3.70E+03,51.22010833,30.00122605,,,
295,200,25,5/6/1987,0.05,0.4,1.85E+04,0.08,4.07E+04,0.03,1.44E+05,0.06,2.59E+04,0.04,7.03E+04,0.03,4.03E+05,0.02,9.62E+04,7.77E+04,1.85E+04,51.17783095,29.97678415,,,
296,200,30,5/6/1987,0.1,0.9,1.48E+04,0.21,2.59E+04,0.09,1.18E+05,0.18,1.85E+04,0.18,5.92E+04,0.06,2.96E+05,0.07,7.77E+04,6.66E+04,1.11E+04,51.13554848,29.95238704,,,
297,200,37.5,5/6/1987,0.07,0.6,3.70E+03,0.2,1.11E+04,0.07,5.18E+04,0.09,1.11E+04,0.07,2.96E+04,0.04,1.11E+05,0.05,4.07E+04,2.96E+04,1.11E+04,51.07211529,29.91587503,,,
298,200,45,5/6/1987,0.03,0.3,,,7.40E+03,0.08,2.96E+04,0.15,7.40E+03,0.07,2.59E+04,0.04,7.03E+04,0.07,3.33E+04,2.96E+04,3.70E+03,51.00867076,29.87946299,,,
299,200,52.5,5/6/1987,0.02,0.2,,,1.48E+03,0.2,,,7.40E+03,0.08,2.22E+04,0.05,0.00E+00,,2.96E+04,2.15E+04,8.14E+03,50.94521495,29.84315044,,,
300,200,60,5/6/1987,0.02,0.2,,,3.70E+03,0.11,2.96E+04,0.14,7.40E+03,0.07,1.85E+04,0.05,6.66E+04,0.07,2.59E+04,2.22E+04,3.70E+03,50.8817479,29.80693689,,,
301,210,5,4/6/1987,0.5,4.4,7.03E+04,0.07,1.11E+05,0.04,4.18E+05,0.07,4.81E+04,0.07,1.52E+05,0.03,1.42E+06,0.02,2.00E+05,1.44E+05,5.55E+04,51.35021938,30.06344614,,,
302,210,6,5/6/1987,0.45,3.9,7.03E+04,0.04,1.48E+05,0.02,4.07E+05,0.04,7.03E+04,0.03,1.74E+05,0.02,1.49E+06,0.01,2.44E+05,1.63E+05,8.14E+04,51.3424286,30.05625382,,,
303,210,7,5/6/1987,0.3,2.6,8.88E+04,0.08,1.70E+05,0.04,6.44E+05,0.06,9.25E+04,0.06,2.74E+05,0.03,1.69E+06,0.02,3.66E+05,2.96E+05,7.03E+04,51.33463738,30.04906395,,,
304,210,8.3,5/6/1987,0.25,2.2,7.03E+04,0.09,1.33E+05,0.04,3.66E+05,0.1,8.51E+04,0.05,1.63E+05,0.04,1.63E+06,0.02,2.48E+05,2.12E+05,3.59E+04,51.32450814,30.03972077,,,
305,210,10,3/6/1987,0.2,1.7,1.85E+04,0.08,4.07E+04,0.03,1.07E+05,0.07,1.85E+04,0.05,5.18E+04,0.03,3.63E+05,0.03,7.03E+04,7.03E+04,,51.31126109,30.027509,,,
306,210,12,4/6/1987,0.25,2.2,6.29E+04,0.12,1.04E+05,0.06,3.66E+05,0.11,5.18E+04,0.11,1.55E+05,0.05,9.81E+05,0.04,2.07E+05,1.78E+05,2.96E+04,51.29567469,30.01315122,,,
307,210,14.7,4/6/1987,0.14,1.2,2.96E+04,0.13,6.29E+04,0.05,2.70E+05,0.08,5.55E+04,0.05,1.30E+05,0.03,7.29E+05,0.03,1.85E+05,1.67E+05,1.78E+04,51.27463027,29.99378369,,,
308,210,17,4/6/1987,0.8,7,1.85E+04,0.09,3.33E+04,0.04,8.51E+04,0.08,2.22E+04,0.05,5.55E+04,0.03,3.29E+05,0.03,7.77E+04,5.99E+04,1.78E+04,51.25670103,29.9772994,,,
309,210,20,2/6/1987,0.05,0.4,,,1.11E+04,0.08,4.44E+04,0.12,1.07E+04,0.08,3.00E+04,0.05,1.18E+05,0.06,4.07E+04,1.48E+04,2.59E+04,51.23331158,29.95581748,,,
310,210,25,3/6/1987,0.07,0.6,,,1.85E+04,0.06,7.77E+04,0.13,1.11E+04,0.11,3.33E+04,0.05,2.33E+05,0.05,4.44E+04,2.96E+04,1.48E+04,51.19432045,29.92006277,,,
311,210,30,5/6/1987,0.05,0.4,,,3.70E+03,0.08,1.11E+04,0.27,3.70E+03,0.09,1.48E+04,0.04,3.33E+04,0.09,1.85E+04,1.85E+04,,51.15531843,29.88436853,,,
312,210,37.5,5/6/1987,0.03,0.3,,,3.70E+03,0.11,2.96E+04,0.14,7.40E+03,0.1,1.85E+04,0.05,6.66E+04,0.08,2.59E+04,7.40E+03,1.85E+04,51.09679509,29.83094018,,,
313,210,45,5/6/1987,0.03,0.3,,,,,,,3.70E+03,0.09,1.48E+04,0.06,2.59E+04,0.16,1.85E+04,1.85E+04,,51.03824746,29.77764694,,,
314,210,52.5,5/6/1987,0.02,0.2,,,3.70E+03,0.18,,,7.40E+03,0.08,2.22E+04,0.05,2.22E+04,0.19,2.96E+04,1.11E+04,1.85E+04,50.97967566,29.72448824,,,
315,210,60,5/6/1987,0.02,0.2,,,3.70E+03,0.18,,,7.40E+03,0.2,1.48E+04,0.11,0.00E+00,,2.22E+04,2.00E+04,2.22E+03,50.92107979,29.67146351,,,
316,220,5,5/6/1987,0.6,5.2,1.04E+05,0.05,1.81E+05,0.02,5.70E+05,0.04,8.51E+04,0.04,2.78E+05,0.02,2.11E+06,0.01,3.63E+05,2.37E+05,1.26E+05,51.35471153,30.05316138,,,
317,220,6,2/6/1987,0.3,2.6,7.77E+04,0.04,1.55E+05,0.02,6.29E+05,0.03,8.14E+04,0.02,2.04E+05,0.02,1.58E+06,0.01,2.85E+05,2.37E+05,4.81E+04,51.34781832,30.04391312,,,
318,220,7,2/6/1987,0.25,2.2,4.81E+04,0.05,8.88E+04,0.02,2.55E+05,0.05,4.44E+04,0.03,1.11E+05,0.02,9.92E+05,0.01,1.55E+05,4.44E+04,1.11E+05,51.34092438,30.03466765,,,
319,220,8.3,3/6/1987,0.18,1.6,4.07E+04,0.08,8.51E+04,0.03,2.26E+05,0.07,2.96E+04,0.07,1.07E+05,0.03,1.02E+06,0.02,1.37E+05,1.37E+05,,51.33196117,30.02265269,,,
320,220,10,3/6/1987,0.07,0.6,2.96E+04,0.06,6.29E+04,0.03,3.70E+05,0.03,4.07E+04,0.03,1.11E+05,0.02,6.55E+05,0.02,1.52E+05,1.24E+05,2.78E+04,51.32023819,30.0069479,,,
321,220,12,4/6/1987,0.18,1.6,4.81E+04,0.08,8.51E+04,0.04,3.03E+05,0.06,6.66E+04,0.04,1.81E+05,0.03,1.01E+06,0.02,2.48E+05,2.15E+05,3.33E+04,51.30644376,29.98848196,,,
322,220,14.7,2/6/1987,0.1,0.9,1.85E+04,0.08,4.44E+04,0.03,1.67E+05,0.05,2.96E+04,0.04,8.14E+04,0.02,4.74E+05,0.02,1.11E+05,4.07E+04,7.03E+04,51.28781669,29.96357054,,,
323,220,17,2/6/1987,0.075,0.7,1.11E+04,0.12,2.96E+04,0.04,1.26E+05,0.07,1.44E+04,0.07,5.18E+04,0.03,3.03E+05,0.03,6.62E+04,6.62E+04,,51.27194501,29.94236564,,,
324,220,20,2/6/1987,0.025,0.2,1.48E+04,0.08,3.33E+04,0.04,8.14E+04,0.08,1.85E+04,0.05,5.55E+04,0.03,3.70E+05,0.03,7.40E+04,4.07E+04,3.33E+04,51.25123707,29.91472908,,,
325,220,25,,,,,,,,,,,,,,,,,,,51.2167094,29.86872344,,,
326,220,30,3/6/1987,0.04,0.3,,,7.40E+03,0.09,2.22E+04,1.21,3.70E+03,0.17,1.11E+04,0.07,6.29E+04,0.09,1.48E+04,1.48E+04,,51.18216372,29.82278676,,,
327,220,37.5,5/6/1987,0.02,0.2,,,7.40E+03,0.1,2.59E+04,0.16,7.40E+03,0.08,1.48E+04,0.06,6.29E+04,0.11,2.22E+04,2.22E+04,,51.13031154,29.75401073,,,
328,220,45,5/6/1987,0.02,0.2,,,1.48E+03,0.22,,,3.70E+03,0.17,7.40E+03,0.08,4.07E+04,0.13,1.11E+04,1.11E+04,,51.07841911,29.68538903,,,
329,220,52.5,5/6/1987,0.02,0.2,,,,,,,3.70E+03,0.13,1.11E+04,0.07,1.85E+04,0.26,1.48E+04,1.48E+04,,51.0264866,29.61692115,,,
330,220,60,5/6/1987,0.02,0.2,,,1.11E+03,0.26,,,7.40E+03,0.09,1.48E+04,0.06,0.00E+00,,2.22E+04,2.00E+04,2.22E+03,50.97451417,29.54860657,,,
331,230,5,2/6/1987,0.45,3.9,8.14E+04,0.04,1.81E+05,0.02,4.59E+05,0.03,9.62E+04,0.02,2.74E+05,0.01,1.96E+06,0.01,3.70E+05,3.18E+05,5.18E+04,51.36025007,30.04427976,,,
332,230,6,5/6/1987,0.9,7.9,2.04E+05,0.05,4.00E+05,0.02,1.12E+06,0.05,2.07E+05,0.04,5.51E+05,0.02,4.07E+06,0.02,7.59E+05,7.22E+05,3.70E+04,51.35446365,30.03325519,,,
333,230,7,,,,,,,,,,,,,,,,,,,51.34867619,30.0222334,,,
334,230,8.3,2/6/1987,0.3,2.6,2.44E+04,0.07,4.44E+04,0.03,1.52E+05,0.06,2.96E+04,0.04,8.51E+04,0.02,4.85E+05,0.02,1.15E+05,1.07E+05,7.40E+03,51.34115095,30.00790923,,,
335,230,10,3/6/1987,0.13,1.1,2.59E+04,0.09,5.92E+04,0.04,1.92E+05,0.06,3.70E+04,0.05,8.88E+04,0.03,6.55E+05,0.02,1.26E+05,9.40E+04,3.18E+04,51.33130761,29.98918473,,,
336,230,12,2/6/1987,0.05,0.4,1.85E+04,0.08,3.70E+04,0.03,1.11E+05,0.07,2.22E+04,0.05,5.92E+04,0.03,3.70E+05,0.03,8.14E+04,6.59E+04,1.55E+04,51.31972339,29.96716619,,,
337,230,14.7,2/6/1987,0.12,1,7.40E+03,0.16,1.85E+04,0.05,4.81E+04,0.11,1.11E+04,0.07,2.96E+04,0.04,1.52E+05,0.04,4.07E+04,2.22E+04,1.85E+04,51.30407815,29.9374588,,,
338,230,17,2/6/1987,0.075,0.7,7.40E+03,0.14,1.85E+04,0.05,5.55E+04,0.11,1.85E+04,0.05,4.81E+04,0.03,1.96E+05,0.04,6.66E+04,4.81E+04,1.85E+04,51.2907448,29.91216848,,,
339,230,20,2/6/1987,0.05,0.4,3.70E+03,0.18,1.11E+04,0.07,2.96E+04,0.2,1.85E+04,0.03,4.81E+04,0.03,1.33E+05,0.05,6.66E+04,4.07E+04,2.59E+04,51.2733453,29.87920318,,,
340,230,25,2/6/1987,0.06,0.5,3.70E+03,0.12,3.70E+03,0.09,1.48E+04,0.14,7.40E+03,0.06,1.48E+04,0.03,5.18E+04,0.06,2.22E+04,1.33E+04,8.88E+03,51.24432557,29.82431648,,,
341,230,30,3/6/1987,0.03,0.3,,,3.70E+03,0.2,2.96E+04,0.16,7.40E+03,0.1,2.22E+04,0.06,5.92E+04,0.1,2.96E+04,2.96E+04,,51.21528021,29.76949902,,,
342,230,37.5,8/6/1987,0.04,0.3,,,1.48E+03,0.16,1.11E+04,0.19,3.70E+03,0.07,1.11E+04,0.05,1.85E+04,0.17,1.48E+04,1.48E+04,,51.17166423,29.68740246,,,
343,230,45,,,,,,,,,,,,,,,,,,,51.1279909,29.60546115,,,
344,230,52.5,8/6/1987,0.02,0.2,,,1.48E+04,0.13,3.70E+04,0.44,,,4.07E+04,0.08,1.55E+05,0.13,4.07E+04,1.11E+04,2.96E+04,51.08426042,29.52367477,,,
345,230,60,8/6/1987,0.02,0.2,,,3.70E+03,0.25,,,,,2.59E+04,0.11,0.00E+00,,2.59E+04,2.48E+04,1.11E+03,51.04047299,29.44204298,,,
346,240,5,2/6/1987,5.5,48,5.59E+05,0.05,1.09E+06,0.05,,,3.48E+05,0.13,1.38E+06,0.05,1.28E+07,0.05,1.72E+06,1.11E+06,6.14E+05,51.36666707,30.03707116,,,
347,240,6,29/05/1987,2.8,24.4,5.11E+05,0.05,1.30E+06,0.02,,,5.70E+05,0.03,1.35E+06,0.02,1.63E+07,0.01,1.92E+06,1.88E+06,3.70E+04,51.36216318,30.02460386,,,
348,240,7,5/6/1987,1.2,10.5,1.44E+05,0.05,3.22E+05,0.02,6.85E+05,0.04,1.55E+05,0.03,4.18E+05,0.02,3.40E+06,0.01,5.74E+05,5.03E+05,7.03E+04,51.35765796,30.01213901,,,
349,240,8.3,2/6/1987,1,8.7,1.15E+05,0.03,2.29E+05,0.02,5.77E+05,0.03,1.15E+05,0.02,3.26E+05,0.01,2.24E+06,0.01,4.40E+05,4.14E+05,2.59E+04,51.35179921,29.99593837,,,
350,240,10,2/6/1987,0.7,6.1,9.99E+04,0.04,1.92E+05,0.02,7.03E+05,0.03,9.25E+04,0.03,2.81E+05,0.01,1.91E+06,0.01,3.74E+05,3.74E+05,,51.34413438,29.97475918,,,
351,240,12,29/05/1987,0.2,1.7,4.81E+04,0.06,1.04E+05,0.02,,,1.85E+04,0.11,1.37E+05,0.02,1.35E+06,0.01,1.55E+05,1.22E+05,3.33E+04,51.33511206,29.94985155,,,
352,240,14.7,5/6/1987,0.2,1.7,5.18E+04,0.11,7.55E+04,0.05,1.40E+05,0.19,2.96E+04,0.15,1.22E+05,0.04,9.40E+05,0.03,1.52E+05,1.32E+05,2.00E+04,51.32292355,29.9162418,,,
353,240,17,5/6/1987,0.012,0.1,2.22E+04,0.18,7.40E+04,0.06,1.55E+05,0.14,4.81E+04,0.08,1.30E+05,0.04,7.36E+05,0.04,1.78E+05,1.58E+05,2.00E+04,51.31253316,29.88762537,,,
354,240,20,4/6/1987,0.15,1.3,3.70E+03,0.17,7.40E+03,0.06,2.96E+04,0.09,1.11E+04,0.04,2.96E+04,0.03,7.03E+04,0.05,4.07E+04,3.70E+04,3.70E+03,51.29897,29.85031906,,,
355,240,25,4/6/1987,0.15,1.3,,,3.70E+03,0.11,,,2.59E+04,0.04,6.29E+04,0.03,2.96E+04,0.15,8.88E+04,5.55E+04,3.33E+04,51.27633843,29.78819089,,,
356,240,30,2/6/1987,0.075,0.7,,,7.40E+03,0.1,4.07E+04,0.13,6.29E+04,0.03,1.63E+05,0.02,4.81E+04,0.11,2.26E+05,2.00E+05,2.59E+04,51.253674,29.72612394,,,
357,240,37.5,5/6/1987,0.025,0.2,,,,,,,3.70E+03,0.07,1.11E+04,0.05,0.00E+00,,1.48E+04,7.40E+03,7.40E+03,51.21961591,29.63313826,,,
358,240,45,5/6/1987,0.05,0.4,,,,,,,6.29E+04,0.03,1.55E+05,0.02,0.00E+00,,2.18E+05,1.78E+05,4.07E+04,51.18548424,29.54029021,,,
359,240,52.5,5/6/1987,0.2,1.7,,,,,,,1.18E+05,0.02,2.92E+05,0.01,0.00E+00,,4.11E+05,3.11E+05,9.99E+04,51.1512792,29.44757973,,,
360,240,60,5/6/1987,0.14,1.2,,,,,,,3.33E+04,0.04,8.14E+04,0.02,0.00E+00,,1.15E+05,1.05E+05,9.25E+03,51.11700098,29.35500673,,,
361,250,5,2/6/1987,7.5,65.5,,,7.96E+05,0.07,,,,,1.12E+06,0.07,8.14E+06,0.07,1.12E+06,9.32E+05,1.85E+05,51.37376786,30.03175496,,,
362,250,6,2/6/1987,9,78.6,1.61E+06,0.07,,,9.03E+06,0.06,5.18E+05,0.18,3.31E+06,0.03,3.29E+07,0.03,3.83E+06,3.81E+06,1.48E+04,51.37068342,30.01822253,,,
363,250,7,2/6/1987,7,61.1,,,9.84E+05,0.07,,,6.85E+05,0.03,1.45E+06,0.06,6.14E+06,0.09,2.13E+06,1.66E+06,4.77E+05,51.36759742,30.00469193,,,
364,250,8.3,2/6/1987,1.2,10.5,9.47E+05,0.06,2.02E+06,0.02,4.92E+06,0.05,1.12E+06,0.03,2.61E+06,0.02,1.88E+07,0.02,3.73E+06,3.52E+06,2.11E+05,51.3635833,29.98710487,,,
365,250,10,5/6/1987,5,43.7,9.07E+05,0.09,1.95E+06,0.03,6.81E+06,0.07,1.65E+06,0.04,4.26E+06,0.02,2.33E+07,0.03,5.90E+06,4.65E+06,1.25E+06,51.35833008,29.96411106,,,
366,250,12,5/6/1987,0.75,6.5,1.07E+05,0.04,2.52E+05,0.01,6.92E+05,0.03,1.22E+05,0.02,3.74E+05,0.01,2.40E+06,0.01,4.96E+05,4.37E+05,5.92E+04,51.35214407,29.93706628,,,
367,250,14.7,,,,,,,,,,,,,,,,,,,51.34378308,29.90056741,,,
368,250,17,5/6/1987,0.2,1.7,4.07E+04,0.08,7.40E+04,0.04,2.00E+05,0.07,4.81E+04,0.05,1.33E+05,0.03,8.07E+05,0.02,1.81E+05,1.64E+05,1.78E+04,51.33665181,29.86948629,,,
369,250,20,5/6/1987,0.018,0.2,7.40E+04,0.11,1.81E+05,0.04,3.52E+05,0.11,1.11E+05,0.06,2.33E+05,0.04,1.51E+06,0.03,3.44E+05,3.26E+05,1.85E+04,51.3273378,29.82896023,,,
370,250,25,4/6/1987,0.1,0.9,1.48E+04,0.13,3.33E+04,0.05,8.88E+04,0.12,3.33E+04,0.05,9.99E+04,0.03,4.14E+05,0.03,1.33E+05,9.99E+04,3.33E+04,51.31178339,29.76145342,,,
371,250,30,,,,,,,,,,,,,,,,,,,51.29619019,29.69399241,,,
372,250,37.5,5/6/1987,0.25,2.2,,,1.48E+04,0.06,8.51E+04,0.09,1.37E+05,0.02,3.48E+05,0.01,1.37E+05,0.06,4.85E+05,3.03E+05,1.81E+05,51.2727278,29.59288693,,,
373,250,45,5/6/1987,0.1,0.9,,,7.40E+03,0.12,,,2.96E+04,0.06,7.03E+04,0.03,3.70E+04,0.22,9.99E+04,8.14E+04,1.85E+04,51.24917841,29.49188484,,,
374,250,52.5,5/6/1987,,0,,,1.85E+03,0.18,,,1.11E+04,0.06,2.22E+04,0.04,2.22E+04,0.15,3.33E+04,1.11E+04,2.22E+04,51.2255422,29.39098633,,,
375,250,60,5/6/1987,0.02,0.2,,,,,,,5.92E+04,0.03,1.44E+05,0.02,2.22E+04,0.26,2.04E+05,2.02E+05,1.48E+03,51.20181933,29.2901916,,,
376,260,5,5/6/1987,26,227,2.46E+06,0.05,5.37E+06,0.02,1.50E+07,0.05,3.46E+06,0.03,9.69E+06,0.02,5.03E+06,0.02,1.32E+07,1.24E+07,7.62E+05,51.38133697,30.02849342,,,
377,260,6,5/6/1987,12,104.8,1.07E+06,0.08,2.31E+06,0.03,6.88E+06,0.07,1.55E+06,0.05,4.22E+06,0.02,2.76E+07,0.03,5.77E+06,4.96E+06,8.10E+05,51.37976589,30.01430614,,,
378,260,7,2/6/1987,6,52.4,1.01E+06,0.05,1.99E+06,0.02,5.92E+06,0.04,1.55E+06,0.02,4.07E+06,0.02,1.80E+07,0.02,5.62E+06,5.57E+06,4.44E+04,51.37819309,30.00011982,,,
379,260,8.3,,,,,,,,,,,,,,,,,,,51.3761459,29.98167908,,,
380,260,10,5/6/1987,3,26.2,1.04E+05,0.03,2.07E+05,0.01,4.22E+05,0.03,1.33E+05,0.02,3.89E+05,0.01,1.85E+06,0.01,5.22E+05,5.22E+05,,51.37346444,29.95756674,,,
381,260,12,5/6/1987,,0,1.41E+05,0.08,3.66E+05,0.03,1.08E+06,0.06,,,2.96E+05,0.04,2.63E+06,0.03,2.96E+05,1.63E+05,1.33E+05,51.37030344,29.92920291,,,
382,260,14.7,4/6/1987,0.75,6.5,1.26E+05,0.06,3.70E+05,0.02,7.59E+05,0.05,2.15E+05,0.03,6.62E+05,0.01,3.74E+06,0.01,8.77E+05,7.92E+05,8.51E+04,51.36602523,29.89091796,,,
383,260,17,4/6/1987,1,8.7,5.18E+04,0.14,1.07E+05,0.06,2.44E+05,0.19,4.44E+04,0.16,1.81E+05,0.05,1.05E+06,0.05,2.26E+05,1.41E+05,8.51E+04,51.36237099,29.8583105,,,
384,260,20,5/6/1987,0.4,3.5,5.92E+04,0.05,1.22E+05,0.02,2.52E+05,0.05,7.40E+04,0.03,2.07E+05,0.02,1.23E+06,0.01,2.81E+05,2.59E+05,2.22E+04,51.35759099,29.81578686,,,
385,260,25,2/6/1987,0.3,2.6,5.92E+04,0.04,1.18E+05,0.02,4.14E+05,0.04,9.62E+04,0.02,2.41E+05,0.02,1.11E+06,0.01,3.37E+05,2.52E+05,8.51E+04,51.34959013,29.7449339,,,
386,260,30,29/05/1987,0.2,1.7,9.62E+04,0.08,1.26E+05,0.04,,,8.14E+04,0.07,2.00E+05,0.05,1.07E+06,0.04,2.81E+05,2.00E+05,8.14E+04,51.34154654,29.67410574,,,
387,260,37.5,5/6/1987,0.075,0.7,2.22E+04,0.07,4.07E+04,0.03,2.18E+05,0.05,5.92E+04,0.03,1.55E+05,0.02,5.22E+05,0.02,2.15E+05,1.89E+05,2.59E+04,51.32940112,29.56791026,,,
388,260,45,5/6/1987,0.18,1.6,7.40E+03,0.13,1.48E+04,0.06,6.29E+04,0.1,7.40E+04,0.02,1.89E+05,0.02,1.74E+05,0.04,2.63E+05,2.18E+05,4.44E+04,51.31715973,29.46177125,,,
389,260,52.5,5/6/1987,0.2,1.7,7.40E+03,0.12,1.48E+04,0.06,4.07E+04,0.13,5.92E+04,0.03,1.41E+05,0.02,1.33E+05,0.05,2.00E+05,1.81E+05,1.85E+04,51.30482246,29.35568909,,,
390,260,60,5/6/1987,0.16,1.4,7.40E+03,0.18,1.85E+04,0.08,6.29E+04,0.15,7.03E+04,0.03,1.67E+05,0.02,1.74E+05,0.06,2.37E+05,2.26E+05,1.11E+04,51.2923894,29.24966417,,,
391,270,5,2/6/1987,1.8,15.7,2.15E+05,0.03,5.55E+05,0.01,1.27E+06,0.03,2.70E+05,0.02,7.51E+05,0.01,5.33E+06,0.01,1.02E+06,9.32E+05,8.88E+04,51.38914458,30.0273866,,,
392,270,6,2/6/1987,3,26.2,2.11E+05,0.03,4.77E+05,0.01,7.81E+05,0.03,1.33E+05,0.02,3.92E+05,0.01,4.14E+06,0.01,5.25E+05,4.29E+05,9.62E+04,51.38913485,30.01297504,,,
393,270,7,2/6/1987,1,8.7,1.30E+05,0.03,2.85E+05,0.01,5.00E+05,0.04,1.85E+05,0.02,5.29E+05,,2.83E+06,0.01,7.14E+05,6.88E+05,2.59E+04,51.38912336,29.99856349,,,
394,270,8.3,2/6/1987,1,8.7,1.11E+05,0.03,2.37E+05,0.02,1.20E+06,0.02,1.26E+05,0.02,3.55E+05,0.01,2.43E+06,0.01,4.81E+05,2.00E+05,2.81E+05,51.38910579,29.97982849,,,
395,270,10,2/6/1987,0.4,3.5,5.18E+04,0.05,1.11E+05,0.02,2.11E+05,0.05,9.25E+04,0.02,2.66E+05,0.01,1.01E+06,0.02,3.59E+05,3.39E+05,1.96E+04,51.38907829,29.95532889,,,
396,270,12,4/6/1987,0.75,6.5,1.55E+05,0.05,4.14E+05,0.02,1.24E+06,0.03,2.33E+05,0.02,6.70E+05,0.01,4.07E+06,0.01,9.03E+05,8.25E+05,7.77E+04,51.3890394,29.92650588,,,
397,270,14.7,5/6/1987,1,8.7,1.15E+06,0.03,1.97E+06,0.01,5.88E+06,0.03,9.81E+05,0.02,3.30E+06,0.01,1.52E+07,0.01,4.28E+06,4.03E+06,2.48E+05,51.38897569,29.8875949,,,
398,270,17,2/6/1987,0.7,6.1,1.89E+05,0.03,5.18E+05,0.01,8.14E+05,0.03,2.44E+05,0.02,6.99E+05,0.01,2.79E+06,0.01,9.44E+05,6.96E+05,2.48E+05,51.38891126,29.8544486,,,
399,270,20,2/6/1987,2.5,21.8,1.26E+05,0.04,2.81E+05,0.01,6.36E+05,0.03,2.63E+05,0.02,7.59E+05,0.01,2.39E+06,0.01,1.02E+06,9.32E+05,8.88E+04,51.38881316,29.81121445,,,
400,270,25,,,,,,,,,,,,,,,,,,,51.38861431,29.739158,,,
401,270,30,29/05/1987,0.46,4,1.22E+05,0.04,2.26E+05,0.02,4.63E+05,0.06,2.11E+05,0.02,5.33E+05,0.01,1.80E+06,0.02,7.44E+05,6.55E+05,8.88E+04,51.38837127,29.66710225,,,
402,270,37.5,5/6/1987,0.14,1.2,,,4.81E+04,0.07,9.25E+04,0.23,7.77E+04,0.06,1.96E+05,0.03,3.89E+05,0.06,2.74E+05,1.85E+05,8.88E+04,51.38792386,29.55902022,,,
403,270,45,5/6/1987,1,8.7,9.62E+04,0.04,1.92E+05,0.02,4.37E+05,0.04,1.26E+05,0.02,3.70E+05,0.01,1.75E+06,0.01,4.96E+05,3.26E+05,1.70E+05,51.38737704,29.45094054,,,
404,270,52.5,5/6/1987,0.16,1.4,4.07E+04,0.12,5.18E+04,0.06,1.85E+05,0.12,5.55E+04,0.07,1.52E+05,0.04,4.70E+05,0.05,2.07E+05,1.92E+05,1.48E+04,51.38673081,29.34286368,,,
405,270,60,5/6/1987,0.14,1.2,7.40E+03,0.14,1.85E+04,0.05,6.66E+04,0.09,2.22E+04,0.05,5.92E+04,0.03,1.70E+05,0.04,8.14E+04,6.55E+04,1.59E+04,51.38598516,29.23479011,,,
406,280,5,2/6/1987,1,8.7,1.07E+05,0.04,2.15E+05,0.02,5.18E+05,0.04,9.62E+04,0.03,2.55E+05,0.02,2.35E+06,0.01,3.52E+05,1.78E+05,1.74E+05,51.39695351,30.0284692,,,
407,280,6,,,,,,,,,,,,,,,,,,,51.39850574,30.01427126,,,
408,280,7,2/6/1987,0.75,6.5,1.30E+05,0.03,2.29E+05,0.01,5.11E+05,0.03,1.18E+05,0.02,3.66E+05,0.01,2.04E+06,0.01,4.85E+05,4.51E+05,3.33E+04,51.40005625,30.00007235,,,
409,280,8.3,29/05/1987,1,8.7,2.44E+05,0.05,4.40E+05,0.02,1.24E+06,0.05,1.81E+05,0.05,5.88E+05,0.02,4.70E+06,0.02,7.70E+05,6.81E+05,8.88E+04,51.40206934,29.98161234,,,
410,280,10,,,,,,,,,,,,,,,,,,,51.40469748,29.95746987,,,
411,280,12,2/6/1987,0.5,4.4,4.44E+04,0.06,1.04E+05,0.02,3.92E+05,0.04,1.11E+05,0.02,2.96E+05,0.01,1.02E+06,0.02,4.07E+05,3.55E+05,5.18E+04,51.40778305,29.92906341,,,
412,280,14.7,2/6/1987,0.4,3.5,5.55E+04,0.05,1.33E+05,0.02,2.78E+05,0.05,1.41E+05,0.02,3.96E+05,0.01,1.18E+06,0.02,5.37E+05,4.51E+05,8.51E+04,51.41193768,29.89070862,,,
413,280,17,2/6/1987,0.35,3.1,4.81E+04,0.06,1.07E+05,0.02,7.88E+05,0.03,1.41E+05,0.02,3.52E+05,0.01,1.10E+06,0.02,4.92E+05,4.07E+05,8.51E+04,51.41546693,29.85803053,,,
414,280,20,,,,,,,,,,,,,,,,,,,51.42005664,29.81539936,,,
415,280,25,29/05/1987,0.2,1.7,7.40E+04,0.05,1.26E+05,0.02,1.18E+05,0.16,1.48E+05,0.02,3.55E+05,0.01,9.55E+05,0.02,5.03E+05,4.77E+05,2.59E+04,51.4276718,29.74432843,,,
416,280,30,2/6/1987,0.18,1.6,1.11E+04,0.11,2.22E+04,0.05,6.66E+04,0.09,5.18E+04,0.03,1.33E+05,0.02,2.33E+05,0.03,1.85E+05,1.78E+05,7.40E+03,51.43524396,29.67323387,,,
417,280,37.5,5/6/1987,0.1,0.9,1.48E+04,0.1,2.96E+04,0.04,8.14E+04,0.08,4.44E+04,0.03,1.15E+05,0.02,2.70E+05,0.03,1.59E+05,1.44E+05,1.48E+04,51.44652155,29.566548,,,
418,280,45,5/6/1987,0.05,0.4,1.11E+04,0.12,1.85E+04,0.05,6.29E+04,0.1,3.33E+04,0.04,7.77E+04,0.03,1.96E+05,0.04,1.11E+05,7.77E+04,3.33E+04,51.45770227,29.45980964,,,
419,280,52.5,5/6/1987,0.025,0.2,,,3.70E+03,0.1,,,3.70E+03,0.08,1.48E+04,0.04,1.85E+04,0.14,1.85E+04,1.22E+04,6.29E+03,51.46878603,29.3530192,,,
420,280,60,5/6/1987,0.1,0.9,,,7.40E+03,0.09,4.07E+04,0.11,4.44E+04,0.03,1.22E+05,0.02,8.88E+04,0.07,1.67E+05,1.59E+05,7.40E+03,51.47977275,29.2461771,,,
421,290,5,2/6/1987,3.5,30.6,4.63E+05,0.08,9.66E+05,0.03,2.26E+06,0.07,4.81E+05,0.05,1.30E+06,0.03,9.36E+06,0.03,1.78E+06,1.62E+06,1.59E+05,51.40452646,30.03170944,,,
422,290,6,,,,,,,,,,,,,,,,,,,51.40759373,30.01815699,,,
423,290,7,,,,,,,,,,,,,,,,,,,51.41065944,30.00460272,,,
424,290,8.3,2/6/1987,0.8,7,1.85E+05,0.11,3.66E+05,0.05,1.15E+06,0.1,1.67E+05,0.1,6.36E+05,0.04,3.20E+06,0.05,8.03E+05,7.10E+05,9.25E+04,51.41464252,29.98697944,,,
425,290,10,29/05/1987,0.8,7,2.07E+05,0.05,4.29E+05,0.02,1.01E+06,0.07,1.44E+05,0.06,6.07E+05,0.02,3.24E+06,0.02,7.51E+05,6.07E+05,1.44E+05,51.41984718,29.96392899,,,
426,290,12,29/05/1987,0.3,2.6,8.88E+04,0.05,1.55E+05,0.02,3.07E+05,0.07,7.40E+04,0.04,1.74E+05,0.02,1.67E+06,0.02,2.48E+05,1.85E+05,6.29E+04,51.42596451,29.9368041,,,
427,290,14.7,2/6/1987,0.16,1.4,6.29E+04,0.05,1.44E+05,0.02,4.33E+05,0.04,1.07E+05,0.02,2.85E+05,0.02,1.42E+06,0.01,3.92E+05,3.77E+05,1.48E+04,51.43421299,29.90017397,,,
428,290,17,2/6/1987,0.5,4.4,2.96E+04,0.07,6.29E+04,0.03,2.37E+05,0.04,7.03E+04,0.03,1.78E+05,0.02,6.59E+05,0.02,2.48E+05,2.33E+05,1.48E+04,51.44123046,29.8689601,,,
429,290,20,,,,,,,,,,,,,,,,,,,51.45037122,29.82823195,,,
430,290,25,2/6/1987,0.18,1.6,1.85E+04,0.08,4.07E+04,0.04,9.25E+04,0.08,4.81E+04,0.03,1.30E+05,0.02,3.96E+05,0.03,1.78E+05,9.62E+04,8.14E+04,51.46557445,29.76031549,,,
431,290,30,29/05/1987,0.13,1.1,,,4.07E+04,0.05,,,5.18E+04,0.05,9.99E+04,0.04,2.63E+05,0.07,1.52E+05,1.11E+05,4.07E+04,51.48073842,29.69235382,,,
432,290,37.5,5/6/1987,0.14,1.2,1.11E+04,0.1,1.85E+04,0.05,5.92E+04,0.1,5.55E+04,0.03,1.37E+05,0.02,2.11E+05,0.04,1.92E+05,1.18E+05,7.40E+04,51.50341067,29.59032667,,,
433,290,45,5/6/1987,0.8,7,,,7.40E+03,0.11,2.26E+05,0.07,3.63E+05,0.01,1.12E+06,0.01,9.25E+04,0.11,1.48E+06,1.25E+06,2.29E+05,51.52599431,29.48819815,,,
434,290,52.5,5/6/1987,0.5,4.4,,,,,1.55E+05,0.07,2.70E+05,0.01,7.40E+05,0.01,6.29E+04,0.14,1.01E+06,7.29E+05,2.81E+05,51.5484892,29.38596846,,,
435,290,60,5/6/1987,0.4,3.5,3.70E+03,0.22,1.11E+04,0.06,1.63E+05,0.06,1.78E+05,0.02,4.81E+05,0.01,7.40E+04,0.1,6.59E+05,6.22E+05,3.70E+04,51.57089517,29.28363784,,,
436,300,5,2/6/1987,2.6,22.7,1.67E+05,0.04,5.40E+05,0.01,1.18E+06,0.03,2.37E+05,0.02,7.77E+05,0.01,5.51E+06,0.01,1.01E+06,9.12E+05,1.02E+05,51.41163313,30.03700983,,,
437,300,6,2/6/1987,1.2,10.5,1.96E+05,0.1,3.66E+05,0.04,9.44E+05,0.09,2.07E+05,0.06,5.44E+05,0.04,4.00E+06,0.04,7.51E+05,5.99E+05,1.52E+05,51.41612244,30.02451555,,,
438,300,7,2/6/1987,1,8.7,8.88E+04,0.04,2.04E+05,0.02,4.29E+05,0.04,9.25E+04,0.02,2.41E+05,0.02,1.86E+06,0.01,3.33E+05,2.15E+05,1.18E+05,51.42061042,30.01201881,,,
439,300,8.3,29/05/1987,0.6,5.2,9.62E+04,0.13,4.37E+05,0.02,6.66E+05,0.09,2.89E+05,0.03,5.03E+05,0.02,5.74E+06,0.01,7.92E+05,7.36E+05,5.55E+04,51.42644281,29.99576938,,,
440,300,10,5/6/1987,0.3,2.6,6.29E+04,0.05,1.22E+05,0.02,2.66E+05,0.05,6.66E+04,0.03,1.85E+05,0.02,1.27E+06,0.02,2.52E+05,1.63E+05,8.88E+04,51.43406639,29.97451387,,,
441,300,12,29/05/1987,0.5,4.4,1.33E+05,0.04,2.74E+05,0.02,5.25E+05,0.05,8.14E+04,0.05,3.29E+05,0.02,2.23E+06,0.01,4.11E+05,3.52E+05,5.92E+04,51.44303038,29.94949831,,,
442,300,14.7,2/6/1987,0.2,1.7,5.55E+04,0.05,1.07E+05,0.02,2.85E+05,0.04,7.77E+04,0.03,2.29E+05,0.02,1.14E+06,0.01,3.07E+05,2.18E+05,8.88E+04,51.45512332,29.91571173,,,
443,300,17,5/6/1987,0.2,1.7,,,5.55E+04,0.06,1.89E+05,0.13,7.03E+04,0.06,1.92E+05,0.03,6.29E+05,0.05,2.63E+05,1.74E+05,8.88E+04,51.46541706,29.88691644,,,
444,300,20,5/6/1987,0.15,1.3,7.40E+03,0.15,1.85E+04,0.06,7.40E+04,0.1,3.70E+04,0.04,9.62E+04,0.02,1.89E+05,0.04,1.33E+05,1.30E+05,3.70E+03,51.47883306,29.84933786,,,
445,300,25,5/6/1987,0.4,3.5,,,3.70E+04,0.08,3.37E+05,0.1,3.11E+05,0.03,7.33E+05,0.02,3.40E+05,0.09,1.04E+06,5.44E+05,5.00E+05,51.50116636,29.78665775,,,
446,300,30,5/6/1987,0.5,4.4,,,3.33E+04,0.09,4.59E+05,0.08,3.96E+05,0.02,8.88E+05,0.02,3.11E+05,0.1,1.28E+06,1.09E+06,1.92E+05,51.52346622,29.72391624,,,
447,300,37.5,5/6/1987,0.3,2.6,,,1.85E+04,0.13,,,1.55E+05,0.04,3.77E+05,0.02,1.48E+05,0.16,5.33E+05,5.11E+05,2.22E+04,51.55685318,29.62968877,,,
448,300,45,5/6/1987,0.15,1.3,,,7.40E+03,0.19,1.30E+05,0.16,7.77E+04,0.06,1.81E+05,0.04,1.26E+05,0.17,2.59E+05,2.18E+05,4.07E+04,51.59016457,29.53532301,,,
449,300,52.5,5/6/1987,0.45,3.9,,,7.40E+03,0.11,1.07E+05,0.11,1.30E+05,0.03,3.29E+05,0.02,4.07E+04,0.19,4.59E+05,3.18E+05,1.41E+05,51.62340018,29.44081892,,,
450,300,60,5/6/1987,0.22,1.9,,,1.48E+04,0.09,1.22E+05,0.1,1.18E+05,0.03,3.07E+05,0.02,1.26E+05,0.08,4.26E+05,3.98E+05,2.74E+04,51.65655982,29.34617644,,,
451,310,5,5/6/1987,11,96,1.34E+06,0.06,3.17E+06,0.02,8.92E+06,0.05,1.61E+06,0.03,4.77E+06,0.02,3.13E+07,0.02,6.38E+06,6.25E+06,1.26E+05,51.41805733,30.04421003,,,
452,310,6,21/05/1987,2.5,21.8,1.04E+05,0.02,2.15E+05,0.01,4.96E+05,0.02,8.51E+04,0.01,2.48E+05,0.01,1.83E+06,0.01,3.33E+05,3.33E+05,,51.42383235,30.03315477,,,
453,310,7,22/05/1987,3,26.2,,,,,4.77E+05,0.03,9.99E+04,0.02,,,2.42E+06,0.01,9.99E+04,9.99E+04,,51.42960632,30.02209671,,,
454,310,8.3,5/6/1987,2.5,21.8,5.37E+05,0.03,9.55E+05,0.01,2.89E+06,0.03,5.40E+05,0.02,1.55E+06,0.01,1.07E+07,0.01,2.09E+06,1.72E+06,3.70E+05,51.43711094,30.00771706,,,
455,310,10,5/6/1987,2,17.5,4.03E+05,0.09,6.92E+05,0.04,2.58E+06,0.07,4.96E+05,0.05,1.31E+06,0.03,6.99E+06,0.04,1.80E+06,1.72E+06,8.51E+04,51.44692201,29.98890578,,,
456,310,12,5/6/1987,1.8,15.7,4.07E+05,0.05,7.40E+05,0.02,2.34E+06,0.05,4.55E+05,0.04,1.26E+06,0.02,7.88E+06,0.02,1.71E+06,1.46E+06,2.52E+05,51.45846058,29.9667645,,,
457,310,14.7,5/6/1987,0.6,5.2,5.55E+04,0.11,9.25E+04,0.05,5.59E+05,0.08,3.33E+05,0.03,8.88E+05,0.02,1.01E+06,0.04,1.22E+06,9.62E+05,2.59E+05,51.47403105,29.93685602,,,
458,310,17,2/6/1987,0.6,5.2,4.44E+04,0.05,9.25E+04,0.02,3.26E+05,0.04,1.44E+05,0.02,3.77E+05,0.01,9.62E+05,0.02,5.22E+05,2.63E+05,2.59E+05,51.48728877,29.91136232,,,
459,310,20,5/6/1987,0.6,5.2,4.44E+04,0.06,9.25E+04,0.03,4.33E+05,0.04,2.85E+05,0.01,7.84E+05,0.01,1.02E+06,0.02,1.07E+06,1.07E+06,,51.50457314,29.87808738,,,
460,310,25,5/6/1987,0.4,3.5,7.03E+04,0.09,1.22E+05,0.04,6.51E+05,0.07,3.55E+05,0.03,9.03E+05,0.02,1.34E+06,0.03,1.26E+06,8.33E+05,4.26E+05,51.53335948,29.82257304,,,
461,310,30,5/6/1987,0.4,3.5,6.29E+04,0.1,9.99E+04,0.05,7.07E+05,0.07,3.85E+05,0.02,9.88E+05,0.01,1.14E+06,0.04,1.37E+06,1.10E+06,2.70E+05,51.56211959,29.76698848,,,
462,310,37.5,5/6/1987,0.35,3.1,,,5.18E+04,0.1,,,2.63E+05,0.04,6.62E+05,0.03,5.44E+05,0.08,9.25E+05,6.29E+05,2.96E+05,51.60521044,29.68347975,,,
463,310,45,5/6/1987,0.12,1,,,,,,,1.11E+04,0.16,3.33E+04,0.09,4.44E+04,0.2,4.44E+04,8.51E+03,3.59E+04,51.64824193,29.59981247,,,
464,310,52.5,5/6/1987,0.45,3.9,,,1.11E+04,0.1,1.11E+05,0.11,1.52E+05,0.02,4.18E+05,0.02,1.37E+05,0.08,5.70E+05,5.48E+05,2.22E+04,51.69121385,29.51598631,,,
465,310,60,5/6/1987,0.5,4.4,,,3.70E+03,0.18,1.18E+05,0.1,2.00E+05,0.02,4.74E+05,0.02,9.62E+04,0.1,6.73E+05,6.48E+05,2.59E+04,51.73412601,29.43200095,,,
466,320,5,4/6/1987,7.5,65.5,1.55E+06,0.05,3.49E+06,0.02,1.20E+07,0.03,1.78E+06,0.03,4.63E+06,0.02,3.34E+07,0.02,6.40E+06,6.30E+06,1.04E+05,51.42360355,30.05309164,,,
467,320,6,4/6/1987,10,87.3,5.70E+05,0.04,1.11E+06,0.02,3.92E+06,0.04,6.59E+05,0.03,1.84E+06,0.02,1.25E+07,0.01,2.50E+06,2.44E+06,5.92E+04,51.43048873,30.0438127,,,
468,320,7,4/6/1987,5,43.7,1.29E+06,0.05,2.51E+06,0.02,7.22E+06,0.04,1.09E+06,0.04,3.24E+06,0.02,2.40E+07,0.02,4.33E+06,3.85E+06,4.81E+05,51.43737318,30.03453096,,,
469,320,8.3,,,,,,,,,,,,,,,,,,,51.44632186,30.02246052,,,
470,320,10,4/6/1987,2.5,21.8,6.96E+05,0.06,1.27E+06,0.03,3.81E+06,0.06,7.73E+05,0.04,1.81E+06,0.03,1.15E+07,0.03,2.58E+06,2.58E+06,,51.45802212,30.00666895,,,
471,320,12,5/6/1987,2.5,21.8,1.74E+05,0.03,3.22E+05,0.01,1.14E+06,0.03,1.96E+05,0.02,4.44E+05,0.01,3.81E+06,0.01,6.40E+05,5.91E+05,4.96E+04,51.47178441,29.98808027,,,
472,320,14.7,5/6/1987,2.2,19.2,1.52E+05,0.04,4.14E+05,0.01,1.03E+06,0.03,2.89E+05,0.02,9.62E+05,0.01,4.77E+06,0.01,1.25E+06,1.21E+06,4.44E+04,51.49035884,29.96296776,,,
473,320,17,5/6/1987,4,34.9,3.96E+05,0.04,7.73E+05,0.02,2.72E+06,0.03,9.03E+05,0.02,2.34E+06,0.01,7.25E+06,0.01,3.24E+06,3.20E+06,4.44E+04,51.50617726,29.94155947,,,
474,320,20,5/6/1987,1.5,13.1,8.88E+04,0.04,1.92E+05,0.02,6.29E+05,0.04,3.63E+05,0.01,9.25E+05,0.01,2.02E+06,0.01,1.29E+06,1.18E+06,1.04E+05,51.52680413,29.91361328,,,
475,320,25,5/6/1987,1.3,11.3,3.33E+04,0.09,8.14E+04,0.03,4.51E+05,0.04,3.85E+05,0.01,1.11E+06,0.01,1.12E+06,0.02,1.49E+06,1.07E+06,4.29E+05,51.56116748,29.86697998,,,
476,320,30,5/6/1987,0.8,7,3.33E+04,0.07,6.66E+04,0.03,3.96E+05,0.04,2.78E+05,0.01,7.07E+05,0.01,7.07E+05,0.03,9.84E+05,8.95E+05,8.88E+04,51.59551231,29.82027618,,,
477,320,37.5,5/6/1987,0.12,1,1.48E+04,0.13,4.44E+04,0.05,1.89E+05,0.07,1.26E+05,0.03,3.00E+05,0.02,4.63E+05,0.03,4.26E+05,4.07E+05,1.85E+04,51.64699475,29.75008792,,,
478,320,45,5/6/1987,0.25,2.2,1.85E+04,0.09,3.55E+04,0.04,1.67E+05,0.06,1.33E+05,0.02,3.37E+05,0.01,3.66E+05,0.03,4.70E+05,4.51E+05,1.85E+04,51.69843525,29.67974014,,,
479,320,52.5,5/6/1987,0.75,6.5,,,1.85E+04,0.07,2.78E+05,0.05,3.48E+05,0.01,8.44E+05,0.01,2.07E+05,0.05,1.19E+06,1.15E+06,4.44E+04,51.74983364,29.60923231,,,
480,320,60,5/6/1987,0.28,2.4,3.70E+03,0.22,1.11E+04,0.07,1.18E+05,0.08,1.74E+05,0.02,4.40E+05,0.01,1.18E+05,0.06,6.14E+05,5.92E+05,2.22E+04,51.80118975,29.5385639,,,
481,330,5,4/6/1987,10,87.3,1.54E+06,0.05,3.19E+06,0.02,8.66E+06,0.04,1.85E+06,0.03,4.48E+06,0.02,3.16E+07,0.02,6.33E+06,5.34E+06,9.92E+05,51.42810291,30.06338481,,,
482,330,6,5/6/1987,10,87.3,1.18E+06,0.05,2.38E+06,0.02,7.44E+06,0.04,1.38E+06,0.03,3.44E+06,0.02,2.63E+07,0.02,4.82E+06,3.80E+06,1.02E+06,51.43588883,30.05616552,,,
483,330,7,5/6/1987,7,61.1,8.66E+05,0.06,1.82E+06,0.03,5.59E+06,0.05,1.10E+06,0.03,2.55E+06,0.02,1.85E+07,0.02,3.64E+06,3.39E+06,2.48E+05,51.4436743,30.04894375,,,
484,330,8.3,4/6/1987,5,43.7,6.73E+05,0.07,1.65E+06,0.03,6.33E+06,0.05,8.36E+05,0.04,2.23E+06,0.03,1.75E+07,,3.06E+06,2.85E+06,2.11E+05,51.45379476,30.03955178,,,
485,330,10,4/6/1987,4,34.9,7.84E+05,0.07,1.82E+06,0.03,6.25E+06,0.05,1.17E+06,0.03,2.89E+06,0.02,1.93E+07,0.02,4.07E+06,3.86E+06,2.04E+05,51.46702807,30.02726369,,,
486,330,12,4/6/1987,3,26.2,4.00E+05,0.09,6.62E+05,0.04,2.53E+06,0.08,5.11E+05,0.06,1.45E+06,0.03,8.36E+06,0.03,1.96E+06,1.47E+06,5.00E+05,51.48259502,30.01279798,,,
487,330,14.7,5/6/1987,3,26.2,1.96E+05,0.13,4.55E+05,0.05,1.76E+06,0.09,6.66E+05,0.04,1.74E+06,0.03,5.07E+06,0.05,2.41E+06,1.07E+06,1.34E+06,51.50360758,29.9932536,,,
488,330,17,4/6/1987,1.5,13.1,1.07E+05,0.05,2.66E+05,0.02,9.95E+05,0.03,4.48E+05,0.02,1.55E+06,0.01,2.66E+06,0.01,1.99E+06,6.55E+05,1.34E+06,51.5215046,29.97659047,,,
489,330,20,5/6/1987,1,8.7,4.81E+04,0.12,1.15E+05,0.03,8.66E+05,0.04,5.44E+05,0.01,2.03E+06,0.01,1.52E+06,0.02,2.58E+06,1.27E+06,1.31E+06,51.544845,29.95483625,,,
490,330,25,5/6/1987,2.2,19.2,2.37E+05,0.08,3.96E+05,0.03,1.77E+06,0.07,1.10E+06,0.02,3.19E+06,0.01,3.77E+06,0.03,4.28E+06,3.31E+06,9.73E+05,51.5837367,29.91852959,,,
491,330,30,5/6/1987,0.8,7,9.25E+04,0.14,2.11E+05,0.04,1.07E+06,0.07,5.40E+05,0.03,1.39E+06,0.02,2.15E+06,0.03,1.94E+06,1.93E+06,3.70E+03,51.62261719,29.88216073,,,
492,330,37.5,5/6/1987,0.4,3.5,,,4.44E+04,0.07,3.03E+05,0.12,1.63E+05,0.04,4.07E+05,0.02,5.99E+05,0.05,5.70E+05,5.40E+05,2.96E+04,51.6809168,29.82749044,,,
493,330,45,,,,,,,,,,,,,,,,,,,51.73919097,29.77267922,,,
494,330,52.5,5/6/1987,0.25,2.2,,,1.85E+04,0.15,,,1.96E+05,0.03,4.77E+05,0.02,2.85E+05,0.09,6.73E+05,5.85E+05,8.88E+04,51.79743958,29.71772648,,,
495,330,60,5/6/1987,0.25,2.2,7.40E+03,0.13,1.48E+04,0.06,1.22E+05,0.07,1.33E+05,0.02,3.33E+05,0.01,1.67E+05,0.05,4.66E+05,3.11E+05,1.55E+05,51.85566251,29.66263161,,,
496,340,5,2/6/1987,23,200.8,2.90E+06,0.04,7.07E+06,0.01,1.93E+07,0.03,3.50E+06,0.02,8.29E+06,0.01,6.96E+07,0.01,1.18E+07,1.11E+07,7.33E+05,51.43141838,30.07477641,,,
497,340,6,2/6/1987,12,104.8,1.61E+06,0.05,3.46E+06,0.05,9.62E+06,0.04,2.01E+06,0.03,5.14E+06,0.02,3.29E+07,0.02,7.15E+06,6.77E+06,3.81E+05,51.4398681,30.06983733,,,
498,340,7,4/6/1987,25,218.3,2.86E+06,0.03,6.36E+06,0.01,2.00E+07,0.03,3.31E+06,0.02,8.07E+06,0.01,6.88E+07,0.01,1.14E+07,1.11E+07,2.26E+05,51.44831761,30.06489643,,,
499,340,8.3,4/6/1987,14,122.2,1.87E+06,0.08,3.81E+06,0.03,1.33E+07,0.07,1.80E+06,0.06,5.51E+06,0.03,4.85E+07,0.02,7.31E+06,6.94E+06,3.74E+05,51.45930166,30.05847051,,,
500,340,10,,,,,,,,,,,,,,,,,,,51.4736649,30.05006272,,,
501,340,12,4/6/1987,5,43.7,8.03E+05,0.06,1.61E+06,0.03,5.18E+06,0.05,1.13E+06,0.03,2.95E+06,0.02,1.65E+07,0.02,4.08E+06,3.64E+06,4.37E+05,51.49056205,30.04016443,,,
502,340,14.7,4/6/1987,4.5,39.3,6.96E+05,0.14,1.01E+06,0.07,4.44E+06,0.12,1.25E+06,0.07,3.34E+06,0.04,1.58E+07,0.05,4.60E+06,3.69E+06,9.10E+05,51.51337188,30.02679008,,,
503,340,17,4/6/1987,5,43.7,3.69E+05,0.1,9.51E+05,0.04,3.62E+06,0.06,1.07E+06,0.03,2.62E+06,0.02,9.58E+06,0.03,3.69E+06,2.78E+06,9.10E+05,51.53280128,30.01538655,,,
504,340,20,2/6/1987,5,43.7,3.63E+05,0.1,7.44E+05,0.04,3.38E+06,0.06,1.70E+06,0.03,3.77E+06,0.02,7.59E+06,0.04,5.48E+06,4.17E+06,1.31E+06,51.55814231,30.00049775,,,
505,340,25,2/6/1987,3.5,30.6,,,2.26E+05,0.08,1.53E+06,0.09,1.04E+06,0.03,2.24E+06,0.02,2.24E+06,0.08,3.27E+06,2.44E+06,8.36E+05,51.60037316,29.97564617,,,
506,340,30,29/05/1987,2.5,21.8,1.52E+05,0.08,3.63E+05,0.02,1.46E+06,0.05,3.40E+05,0.03,1.04E+06,0.02,3.06E+06,0.02,1.38E+06,1.25E+06,1.30E+05,51.64259876,29.95074833,,,
507,340,37.5,5/6/1987,0.5,4.4,2.96E+04,0.26,1.26E+05,0.04,3.59E+05,0.1,3.70E+05,0.02,9.40E+05,0.02,1.34E+06,0.03,1.31E+06,1.05E+06,2.63E+05,51.70592726,29.91331449,,,
508,340,45,5/6/1987,0.28,2.4,2.59E+04,0.11,6.29E+04,0.04,2.89E+05,0.07,2.04E+05,0.02,5.37E+05,0.01,7.22E+05,0.03,7.40E+05,6.88E+05,5.18E+04,51.76924383,29.87577572,,,
509,340,52.5,5/6/1987,0.3,2.6,2.96E+04,0.15,3.70E+04,0.09,2.78E+05,0.11,1.48E+05,0.04,3.77E+05,0.02,5.18E+05,0.06,5.25E+05,4.37E+05,8.88E+04,51.83254842,29.83813149,,,
510,340,60,5/6/1987,0.2,1.7,1.11E+04,0.1,2.96E+04,0.04,9.25E+04,0.07,3.33E+04,0.04,9.25E+04,0.02,3.37E+05,0.03,1.26E+05,9.03E+04,3.55E+04,51.89584095,29.80038129,,,
511,350,5,2/6/1987,12,104.8,1.65E+06,0.04,3.56E+06,0.02,1.05E+07,0.04,1.85E+06,0.03,5.00E+06,0.02,3.85E+07,0.01,6.85E+06,5.97E+06,8.77E+05,51.43344895,30.0869196,,,
512,350,6,2/6/1987,15,131,2.03E+06,0.04,4.40E+06,0.02,1.51E+07,0.03,2.60E+06,0.02,6.25E+06,0.02,4.18E+07,0.02,8.85E+06,8.21E+06,6.40E+05,51.44230524,30.08441172,,,
513,350,7,20/05/1987,7,61.1,1.48E+05,0.03,4.18E+05,0.01,8.88E+05,0.03,1.70E+05,0.02,4.66E+05,0.01,3.58E+06,0.01,6.36E+05,6.36E+05,,51.45116148,30.08190286,,,
514,350,8.3,5/6/1987,5,43.7,5.66E+05,0.11,1.52E+06,0.04,3.70E+06,0.11,3.00E+05,0.2,2.20E+06,0.04,1.69E+07,0.03,2.50E+06,2.20E+06,3.00E+05,51.46267452,30.07863989,,,
515,350,10,4/6/1987,6,52.4,6.44E+05,0.07,1.32E+06,0.03,5.37E+06,0.05,1.65E+06,0.03,4.03E+06,0.02,1.35E+07,0.03,5.68E+06,4.47E+06,1.21E+06,51.47772989,30.07437045,,,
516,350,12,2/6/1987,5,43.7,9.62E+04,0.05,3.33E+05,0.01,8.92E+05,0.03,3.03E+05,0.02,8.44E+05,0.01,3.53E+06,0.01,1.15E+06,7.70E+05,3.77E+05,51.49544189,30.06934397,,,
517,350,14.7,,,,,,,,,,,,,,,,,,,51.51935275,30.06255202,,,
518,350,17,2/6/1987,3.5,30.6,8.88E+04,0.05,1.89E+05,0.02,6.33E+05,0.04,4.22E+05,0.01,1.53E+06,0.01,1.86E+06,0.02,1.95E+06,1.87E+06,8.14E+04,51.53972095,30.05676066,,,
519,350,20,2/6/1987,5,43.7,1.74E+05,0.1,2.55E+05,0.05,1.48E+06,0.08,1.59E+06,0.02,3.81E+06,0.01,2.81E+06,0.05,5.40E+06,5.06E+06,3.37E+05,51.56628774,30.04919891,,,
520,350,25,2/6/1987,1.7,14.8,3.33E+04,0.08,9.25E+04,0.03,4.22E+05,0.04,3.63E+05,0.01,1.05E+06,0.01,9.66E+05,0.02,1.41E+06,1.35E+06,6.66E+04,51.61056464,30.03657634,,,
521,350,30,2/6/1987,0.8,7,6.29E+04,0.05,1.33E+05,0.02,6.07E+05,0.03,1.85E+05,0.02,4.81E+05,0.01,1.41E+06,0.02,6.66E+05,6.07E+05,5.92E+04,51.65484018,30.02392912,,,
522,350,37.5,5/6/1987,0.5,4.4,1.85E+04,0.1,4.07E+04,0.04,2.26E+05,0.06,2.48E+05,0.01,6.81E+05,0.01,4.59E+05,0.03,9.29E+05,9.03E+05,2.59E+04,51.72125095,30.00491189,,,
523,350,45,5/6/1987,0.5,4.4,2.96E+04,0.12,6.29E+04,0.04,3.03E+05,0.07,2.22E+05,0.02,5.70E+05,0.01,6.25E+05,0.04,7.92E+05,7.84E+05,7.40E+03,51.78765863,29.98583871,,,
524,350,52.5,5/6/1987,0.5,4.4,2.22E+04,0.17,5.55E+04,0.06,3.48E+05,0.1,2.04E+05,0.03,4.92E+05,0.02,3.22E+05,0.1,6.96E+05,6.14E+05,8.14E+04,51.85406322,29.9667093,,,
525,350,60,5/6/1987,0.12,1,2.22E+04,0.18,3.70E+04,0.08,1.04E+05,0.2,4.81E+04,0.08,1.30E+05,0.04,4.59E+05,0.05,1.78E+05,9.99E+04,7.77E+04,51.9204647,29.94752334,,,
526,360,5,4/6/1987,10,87.3,1.13E+06,0.05,2.07E+06,0.03,8.10E+06,0.04,9.73E+05,0.04,2.59E+06,0.02,1.96E+07,0.02,3.56E+06,3.19E+06,3.66E+05,51.43413275,30.09944444,,,
527,360,6,4/6/1987,7.5,65.5,9.66E+05,0.06,2.14E+06,0.02,6.70E+06,0.05,1.10E+06,0.04,2.87E+06,0.02,2.22E+07,0.02,3.97E+06,2.52E+06,1.45E+06,51.44312597,30.09944444,,,
528,360,7,5/6/1987,5,43.7,9.32E+05,0.08,1.81E+06,0.04,6.40E+06,0.07,8.99E+05,0.06,2.38E+06,0.03,2.23E+07,0.03,3.27E+06,2.48E+06,7.96E+05,51.45211918,30.09944444,,,
529,360,8.3,4/6/1987,5,43.7,6.07E+05,0.07,1.24E+06,0.03,4.00E+06,0.06,6.59E+05,0.04,1.78E+06,0.03,1.28E+07,0.03,2.43E+06,2.07E+06,3.66E+05,51.46381036,30.09944444,,,
530,360,10,2/6/1987,5,43.7,1.84E+05,0.04,4.70E+05,0.01,1.35E+06,0.03,3.44E+05,0.02,1.02E+06,0.01,5.74E+06,0.01,1.36E+06,1.34E+06,2.22E+04,51.47909883,30.09944444,,,
531,360,12,,,,,,,,,,,,,,,,,,,51.49708526,30.09944444,,,
532,360,14.7,3/6/1987,4.5,39.3,,,2.70E+05,0.06,1.74E+06,0.1,1.44E+06,0.02,3.43E+06,0.02,3.70E+06,0.05,4.87E+06,3.83E+06,1.04E+06,51.52136695,30.09944444,,,
533,360,17,1/6/1987,4,34.9,,,,,1.13E+06,0.23,9.36E+05,0.06,2.09E+06,0.04,2.39E+06,0.16,3.03E+06,1.99E+06,1.04E+06,51.54205134,30.09944444,,,
534,360,20,2/6/1987,5,43.7,1.55E+05,0.16,2.52E+05,0.08,1.96E+06,0.09,2.26E+06,0.02,5.29E+06,0.02,2.58E+06,0.08,7.55E+06,5.15E+06,2.40E+06,51.56903099,30.09944444,,,
535,360,25,2/6/1987,2.5,21.8,7.40E+04,0.06,1.26E+05,0.03,6.48E+05,0.04,6.03E+05,0.01,1.69E+06,0.01,1.47E+06,0.02,2.30E+06,1.62E+06,6.81E+05,51.61399707,30.09944444,,,
536,360,30,2/6/1987,0.3,2.6,3.70E+04,0.06,8.14E+04,0.03,4.07E+05,0.04,1.44E+05,0.02,3.63E+05,0.01,8.58E+05,0.02,5.07E+05,4.66E+05,4.07E+04,51.65896315,30.09944444,,,
537,360,37.5,5/6/1987,0.6,5.2,1.11E+04,0.12,2.59E+04,0.04,2.04E+05,0.06,2.29E+05,0.01,6.25E+05,0.01,2.66E+05,0.04,8.55E+05,7.92E+05,6.29E+04,51.72641227,30.09944444,,,
538,360,45,5/6/1987,0.31,2.7,2.59E+04,0.2,4.44E+04,0.08,3.48E+05,0.1,2.41E+05,0.03,5.81E+05,0.02,5.29E+05,0.07,8.21E+05,7.14E+05,1.07E+05,51.79386139,30.09944444,,,
539,360,52.5,5/6/1987,0.4,3.5,7.40E+03,0.14,1.48E+04,0.06,1.10E+05,0.07,1.10E+05,0.02,2.89E+05,0.01,1.44E+05,0.05,3.99E+05,3.84E+05,1.48E+04,51.86131051,30.09944444,,,
540,360,60,5/6/1987,0.06,0.5,,,1.48E+04,0.09,,,3.33E+04,0.06,9.62E+04,0.04,1.48E+05,0.08,1.30E+05,1.18E+05,1.11E+04,51.92875963,30.09944444,,,
