Identifier,Type,Rate
156,Zr-95,2.59E+04
165,Zr-95,
170,Zr-95,4.07E+04
180,Zr-95,7.40E+03
353,Zr-95,2.22E+04
59,Zr-95,3.70E+03
369,Zr-95,7.40E+04
73,Zr-95,
89,Zr-95,
90,Zr-95,
135,Zr-95,
163,Zr-95,
193,Zr-95,1.48E+04
194,Zr-95,3.70E+03
195,Zr-95,
299,Zr-95,
300,Zr-95,
314,Zr-95,
315,Zr-95,
327,Zr-95,
328,Zr-95,
329,Zr-95,
330,Zr-95,
344,Zr-95,
345,Zr-95,
375,Zr-95,
118,Zr-95,
147,Zr-95,
150,Zr-95,
175,Zr-95,1.11E+04
324,Zr-95,1.48E+04
357,Zr-95,
419,Zr-95,
60,Zr-95,
102,Zr-95,3.70E+03
104,Zr-95,
105,Zr-95,
120,Zr-95,
148,Zr-95,3.70E+03
149,Zr-95,
209,Zr-95,7.40E+03
251,Zr-95,1.11E+04
285,Zr-95,1.11E+04
298,Zr-95,
312,Zr-95,
313,Zr-95,
341,Zr-95,
190,Zr-95,1.85E+04
57,Zr-95,
74,Zr-95,
75,Zr-95,3.70E+03
117,Zr-95,1.11E+04
207,Zr-95,7.40E+03
210,Zr-95,3.70E+03
225,Zr-95,7.40E+03
270,Zr-95,
326,Zr-95,
342,Zr-95,
45,Zr-95,7.40E+03
72,Zr-95,
87,Zr-95,
103,Zr-95,
119,Zr-95,3.70E+03
146,Zr-95,7.40E+03
164,Zr-95,3.70E+03
176,Zr-95,7.40E+03
178,Zr-95,1.48E+04
179,Zr-95,7.40E+03
240,Zr-95,
253,Zr-95,1.48E+04
254,Zr-95,7.40E+03
255,Zr-95,7.40E+03
269,Zr-95,7.40E+03
283,Zr-95,1.11E+04
295,Zr-95,1.85E+04
309,Zr-95,
311,Zr-95,
336,Zr-95,1.85E+04
339,Zr-95,3.70E+03
358,Zr-95,
418,Zr-95,1.11E+04
44,Zr-95,
131,Zr-95,7.40E+03
160,Zr-95,1.11E+04
162,Zr-95,
239,Zr-95,7.40E+03
252,Zr-95,1.48E+04
268,Zr-95,1.11E+04
282,Zr-95,1.11E+04
284,Zr-95,
340,Zr-95,3.70E+03
540,Zr-95,
116,Zr-95,1.48E+04
133,Zr-95,
161,Zr-95,7.40E+03
188,Zr-95,2.59E+04
220,Zr-95,1.85E+04
222,Zr-95,
238,Zr-95,
297,Zr-95,3.70E+03
310,Zr-95,
320,Zr-95,2.96E+04
323,Zr-95,1.11E+04
338,Zr-95,7.40E+03
356,Zr-95,
387,Zr-95,2.22E+04
15,Zr-95,
29,Zr-95,
132,Zr-95,
145,Zr-95,1.48E+04
236,Zr-95,1.48E+04
237,Zr-95,1.11E+04
30,Zr-95,
56,Zr-95,7.40E+03
115,Zr-95,1.85E+04
144,Zr-95,1.48E+04
159,Zr-95,2.22E+04
172,Zr-95,2.59E+04
174,Zr-95,
187,Zr-95,2.22E+04
234,Zr-95,2.59E+04
235,Zr-95,1.85E+04
266,Zr-95,1.85E+04
267,Zr-95,1.48E+04
294,Zr-95,1.85E+04
296,Zr-95,1.48E+04
322,Zr-95,1.85E+04
370,Zr-95,1.48E+04
373,Zr-95,
417,Zr-95,1.48E+04
420,Zr-95,
112,Zr-95,5.18E+04
113,Zr-95,2.96E+04
130,Zr-95,1.11E+04
157,Zr-95,1.85E+04
221,Zr-95,2.96E+04
248,Zr-95,4.07E+04
250,Zr-95,4.07E+04
264,Zr-95,2.22E+04
337,Zr-95,7.40E+03
463,Zr-95,
477,Zr-95,1.48E+04
525,Zr-95,2.22E+04
335,Zr-95,2.59E+04
431,Zr-95,
43,Zr-95,
114,Zr-95,2.22E+04
129,Zr-95,2.96E+04
280,Zr-95,3.70E+04
307,Zr-95,2.96E+04
360,Zr-95,
402,Zr-95,
405,Zr-95,7.40E+03
432,Zr-95,1.11E+04
42,Zr-95,
206,Zr-95,4.81E+04
249,Zr-95,3.70E+04
281,Zr-95,6.66E+04
354,Zr-95,3.70E+03
355,Zr-95,
444,Zr-95,7.40E+03
448,Zr-95,
70,Zr-95,
98,Zr-95,2.59E+04
142,Zr-95,1.07E+05
143,Zr-95,8.51E+04
390,Zr-95,7.40E+03
404,Zr-95,4.07E+04
427,Zr-95,6.29E+04
28,Zr-95,4.44E+04
128,Zr-95,4.81E+04
265,Zr-95,1.48E+04
293,Zr-95,4.07E+04
319,Zr-95,4.07E+04
321,Zr-95,4.81E+04
388,Zr-95,7.40E+03
416,Zr-95,1.11E+04
430,Zr-95,1.85E+04
14,Zr-95,7.40E+03
127,Zr-95,4.81E+04
158,Zr-95,5.55E+04
171,Zr-95,4.44E+04
218,Zr-95,4.44E+04
219,Zr-95,4.44E+04
305,Zr-95,1.85E+04
351,Zr-95,4.81E+04
352,Zr-95,5.18E+04
359,Zr-95,
368,Zr-95,4.07E+04
386,Zr-95,9.62E+04
389,Zr-95,7.40E+03
415,Zr-95,7.40E+04
442,Zr-95,5.55E+04
443,Zr-95,
510,Zr-95,1.11E+04
292,Zr-95,4.81E+04
450,Zr-95,
13,Zr-95,1.85E+04
55,Zr-95,3.70E+04
88,Zr-95,
233,Zr-95,3.33E+04
304,Zr-95,7.03E+04
306,Zr-95,6.29E+04
318,Zr-95,4.81E+04
372,Zr-95,
478,Zr-95,1.85E+04
494,Zr-95,
495,Zr-95,7.40E+03
279,Zr-95,6.66E+04
480,Zr-95,3.70E+03
508,Zr-95,2.59E+04
97,Zr-95,8.14E+04
111,Zr-95,7.40E+04
185,Zr-95,3.70E+04
217,Zr-95,1.85E+05
247,Zr-95,3.33E+04
263,Zr-95,4.07E+04
303,Zr-95,8.88E+04
317,Zr-95,7.77E+04
334,Zr-95,2.44E+04
385,Zr-95,5.92E+04
426,Zr-95,8.88E+04
440,Zr-95,6.29E+04
447,Zr-95,
509,Zr-95,2.96E+04
536,Zr-95,3.70E+04
538,Zr-95,2.59E+04
12,Zr-95,2.96E+04
41,Zr-95,1.48E+04
262,Zr-95,4.07E+04
413,Zr-95,4.81E+04
462,Zr-95,
27,Zr-95,3.33E+04
100,Zr-95,
184,Zr-95,9.62E+04
232,Zr-95,1.85E+04
277,Zr-95,1.07E+05
289,Zr-95,1.18E+05
291,Zr-95,2.96E+04
384,Zr-95,5.92E+04
395,Zr-95,5.18E+04
412,Zr-95,5.55E+04
435,Zr-95,3.70E+03
445,Zr-95,
460,Zr-95,7.03E+04
461,Zr-95,6.29E+04
492,Zr-95,
539,Zr-95,7.40E+03
290,Zr-95,4.44E+04
302,Zr-95,7.03E+04
331,Zr-95,8.14E+04
449,Zr-95,
464,Zr-95,
401,Zr-95,1.22E+05
82,Zr-95,9.25E+04
108,Zr-95,1.07E+05
110,Zr-95,5.92E+04
126,Zr-95,1.07E+05
141,Zr-95,1.26E+05
169,Zr-95,9.62E+04
183,Zr-95,1.26E+05
301,Zr-95,7.03E+04
411,Zr-95,4.44E+04
428,Zr-95,2.96E+04
434,Zr-95,
441,Zr-95,1.33E+05
446,Zr-95,
465,Zr-95,
507,Zr-95,2.96E+04
522,Zr-95,1.85E+04
523,Zr-95,2.96E+04
524,Zr-95,2.22E+04
40,Zr-95,5.55E+04
80,Zr-95,
96,Zr-95,7.77E+04
203,Zr-95,1.85E+05
261,Zr-95,2.22E+05
288,Zr-95,7.03E+04
316,Zr-95,1.04E+05
439,Zr-95,9.62E+04
457,Zr-95,5.55E+04
458,Zr-95,4.44E+04
459,Zr-95,4.44E+04
537,Zr-95,1.11E+04
81,Zr-95,9.62E+04
246,Zr-95,1.04E+05
350,Zr-95,9.99E+04
398,Zr-95,1.89E+05
95,Zr-95,1.89E+05
109,Zr-95,8.88E+04
231,Zr-95,1.55E+05
276,Zr-95,9.62E+04
366,Zr-95,1.07E+05
382,Zr-95,1.26E+05
396,Zr-95,1.55E+05
408,Zr-95,1.30E+05
479,Zr-95,
26,Zr-95,2.44E+04
125,Zr-95,4.07E+04
140,Zr-95,1.52E+05
155,Zr-95,1.30E+05
168,Zr-95,9.62E+04
181,Zr-95,4.03E+05
202,Zr-95,1.30E+05
229,Zr-95,3.22E+05
230,Zr-95,1.18E+05
308,Zr-95,1.85E+04
424,Zr-95,1.85E+05
425,Zr-95,2.07E+05
433,Zr-95,
476,Zr-95,3.33E+04
491,Zr-95,9.25E+04
521,Zr-95,6.29E+04
11,Zr-95,2.96E+04
154,Zr-95,1.15E+05
275,Zr-95,1.22E+05
287,Zr-95,1.37E+05
332,Zr-95,2.04E+05
123,Zr-95,6.66E+04
124,Zr-95,2.66E+05
153,Zr-95,1.74E+05
167,Zr-95,1.33E+05
173,Zr-95,1.85E+04
259,Zr-95,1.07E+05
260,Zr-95,1.89E+05
274,Zr-95,1.15E+05
286,Zr-95,1.18E+05
349,Zr-95,1.15E+05
383,Zr-95,5.18E+04
393,Zr-95,1.30E+05
394,Zr-95,1.11E+05
397,Zr-95,1.15E+06
403,Zr-95,9.62E+04
406,Zr-95,1.07E+05
409,Zr-95,2.44E+05
438,Zr-95,8.88E+04
489,Zr-95,4.81E+04
244,Zr-95,2.22E+05
65,Zr-95,2.07E+05
242,Zr-95,1.44E+05
245,Zr-95,9.25E+04
273,Zr-95,3.77E+05
348,Zr-95,1.44E+05
364,Zr-95,9.47E+05
437,Zr-95,1.96E+05
66,Zr-95,1.18E+05
83,Zr-95,
475,Zr-95,3.33E+04
51,Zr-95,
67,Zr-95,1.37E+05
228,Zr-95,2.81E+05
258,Zr-95,
107,Zr-95,1.30E+05
201,Zr-95,2.18E+05
216,Zr-95,1.74E+05
272,Zr-95,1.07E+05
474,Zr-95,8.88E+04
488,Zr-95,1.07E+05
10,Zr-95,3.33E+04
139,Zr-95,1.41E+05
520,Zr-95,3.33E+04
20,Zr-95,1.63E+05
49,Zr-95,1.37E+05
85,Zr-95,
94,Zr-95,1.22E+05
215,Zr-95,2.66E+05
227,Zr-95,1.89E+05
257,Zr-95,2.04E+05
391,Zr-95,2.15E+05
456,Zr-95,4.07E+05
19,Zr-95,1.81E+05
52,Zr-95,5.92E+04
54,Zr-95,4.07E+04
64,Zr-95,1.96E+05
79,Zr-95,3.59E+05
122,Zr-95,1.26E+05
137,Zr-95,1.52E+05
455,Zr-95,4.03E+05
63,Zr-95,1.89E+05
78,Zr-95,3.22E+05
472,Zr-95,1.52E+05
490,Zr-95,2.37E+05
35,Zr-95,2.74E+05
17,Zr-95,4.48E+05
18,Zr-95,2.07E+05
93,Zr-95,1.22E+05
136,Zr-95,3.89E+05
256,Zr-95,1.65E+06
399,Zr-95,1.26E+05
452,Zr-95,1.04E+05
454,Zr-95,5.37E+05
470,Zr-95,6.96E+05
471,Zr-95,1.74E+05
506,Zr-95,1.52E+05
535,Zr-95,7.40E+04
241,Zr-95,1.30E+05
436,Zr-95,1.67E+05
50,Zr-95,2.63E+05
347,Zr-95,5.11E+05
62,Zr-95,5.55E+05
3,Zr-95,
5,Zr-95,3.44E+05
106,Zr-95,3.63E+05
121,Zr-95,1.70E+05
138,Zr-95,1.85E+05
213,Zr-95,1.01E+06
380,Zr-95,1.04E+05
392,Zr-95,2.11E+05
453,Zr-95,
486,Zr-95,4.00E+05
487,Zr-95,1.96E+05
226,Zr-95,1.37E+05
48,Zr-95,5.51E+05
61,Zr-95,6.07E+05
214,Zr-95,5.96E+05
421,Zr-95,4.63E+05
505,Zr-95,
518,Zr-95,8.88E+04
21,Zr-95,3.15E+05
33,Zr-95,4.55E+05
92,Zr-95,1.18E+05
2,Zr-95,5.29E+05
4,Zr-95,5.11E+05
16,Zr-95,5.00E+05
25,Zr-95,8.14E+04
34,Zr-95,1.85E+05
46,Zr-95,6.88E+05
47,Zr-95,5.25E+05
77,Zr-95,2.26E+05
212,Zr-95,9.84E+05
271,Zr-95,3.22E+05
473,Zr-95,3.96E+05
485,Zr-95,7.84E+05
533,Zr-95,
8,Zr-95,1.18E+05
76,Zr-95,7.03E+05
502,Zr-95,6.96E+05
532,Zr-95,
1,Zr-95,8.10E+05
6,Zr-95,3.81E+05
24,Zr-95,6.66E+04
32,Zr-95,5.48E+05
37,Zr-95,2.92E+05
39,Zr-95,1.59E+05
91,Zr-95,6.44E+05
365,Zr-95,9.07E+05
468,Zr-95,1.29E+06
484,Zr-95,6.73E+05
501,Zr-95,8.03E+05
503,Zr-95,3.69E+05
504,Zr-95,3.63E+05
514,Zr-95,5.66E+05
516,Zr-95,9.62E+04
519,Zr-95,1.74E+05
528,Zr-95,9.32E+05
529,Zr-95,6.07E+05
530,Zr-95,1.84E+05
534,Zr-95,1.55E+05
7,Zr-95,
346,Zr-95,5.59E+05
9,Zr-95,
31,Zr-95,7.59E+05
38,Zr-95,1.37E+05
378,Zr-95,1.01E+06
515,Zr-95,6.44E+05
363,Zr-95,
483,Zr-95,8.66E+05
513,Zr-95,1.48E+05
361,Zr-95,
466,Zr-95,1.55E+06
527,Zr-95,9.66E+05
22,Zr-95,3.74E+05
53,Zr-95,
362,Zr-95,1.61E+06
467,Zr-95,5.70E+05
481,Zr-95,1.54E+06
482,Zr-95,1.18E+06
526,Zr-95,1.13E+06
451,Zr-95,1.34E+06
377,Zr-95,1.07E+06
497,Zr-95,1.61E+06
511,Zr-95,1.65E+06
499,Zr-95,1.87E+06
512,Zr-95,2.03E+06
23,Zr-95,3.70E+05
496,Zr-95,2.90E+06
68,Zr-95,
498,Zr-95,2.86E+06
376,Zr-95,2.46E+06
36,Zr-95,
58,Zr-95,
69,Zr-95,
71,Zr-95,
84,Zr-95,
86,Zr-95,
99,Zr-95,
101,Zr-95,
134,Zr-95,
151,Zr-95,
152,Zr-95,
166,Zr-95,
177,Zr-95,
182,Zr-95,
186,Zr-95,
189,Zr-95,
191,Zr-95,
192,Zr-95,
196,Zr-95,
197,Zr-95,
198,Zr-95,
199,Zr-95,
200,Zr-95,
204,Zr-95,
205,Zr-95,
208,Zr-95,
211,Zr-95,
223,Zr-95,
224,Zr-95,
243,Zr-95,
278,Zr-95,
325,Zr-95,
333,Zr-95,
343,Zr-95,
367,Zr-95,
371,Zr-95,
374,Zr-95,
379,Zr-95,
381,Zr-95,1.41E+05
400,Zr-95,
407,Zr-95,
410,Zr-95,
414,Zr-95,
422,Zr-95,
423,Zr-95,
429,Zr-95,
469,Zr-95,
493,Zr-95,
500,Zr-95,
517,Zr-95,
531,Zr-95,
156,Ru-106,1.44E+05
165,Ru-106,
170,Ru-106,3.18E+05
180,Ru-106,7.40E+03
353,Ru-106,1.55E+05
59,Ru-106,1.48E+04
369,Ru-106,3.52E+05
73,Ru-106,2.22E+04
89,Ru-106,3.70E+04
90,Ru-106,
135,Ru-106,1.85E+04
163,Ru-106,
193,Ru-106,8.51E+04
194,Ru-106,2.96E+04
195,Ru-106,4.44E+04
299,Ru-106,
300,Ru-106,2.96E+04
314,Ru-106,
315,Ru-106,
327,Ru-106,2.59E+04
328,Ru-106,
329,Ru-106,
330,Ru-106,
344,Ru-106,3.70E+04
345,Ru-106,
375,Ru-106,
118,Ru-106,3.70E+04
147,Ru-106,
150,Ru-106,
175,Ru-106,5.92E+04
324,Ru-106,8.14E+04
357,Ru-106,
419,Ru-106,
60,Ru-106,
102,Ru-106,4.81E+04
104,Ru-106,2.22E+04
105,Ru-106,1.48E+04
120,Ru-106,
148,Ru-106,3.70E+04
149,Ru-106,1.48E+04
209,Ru-106,5.55E+04
251,Ru-106,5.92E+04
285,Ru-106,
298,Ru-106,2.96E+04
312,Ru-106,2.96E+04
313,Ru-106,
341,Ru-106,2.96E+04
190,Ru-106,1.11E+05
57,Ru-106,3.70E+04
74,Ru-106,
75,Ru-106,4.07E+04
117,Ru-106,4.44E+04
207,Ru-106,8.88E+04
210,Ru-106,4.07E+04
225,Ru-106,
270,Ru-106,
326,Ru-106,2.22E+04
342,Ru-106,1.11E+04
45,Ru-106,6.66E+04
72,Ru-106,8.51E+04
87,Ru-106,4.81E+04
103,Ru-106,6.29E+04
119,Ru-106,2.96E+04
146,Ru-106,5.55E+04
164,Ru-106,4.07E+04
176,Ru-106,5.18E+04
178,Ru-106,1.18E+05
179,Ru-106,2.96E+04
240,Ru-106,
253,Ru-106,2.26E+05
254,Ru-106,2.59E+04
255,Ru-106,4.07E+04
269,Ru-106,
283,Ru-106,8.88E+04
295,Ru-106,1.44E+05
309,Ru-106,4.44E+04
311,Ru-106,1.11E+04
336,Ru-106,1.11E+05
339,Ru-106,2.96E+04
358,Ru-106,
418,Ru-106,6.29E+04
44,Ru-106,
131,Ru-106,7.03E+04
160,Ru-106,9.25E+04
162,Ru-106,3.33E+04
239,Ru-106,5.18E+04
252,Ru-106,5.18E+04
268,Ru-106,8.14E+04
282,Ru-106,9.25E+04
284,Ru-106,8.14E+04
340,Ru-106,1.48E+04
540,Ru-106,
116,Ru-106,1.37E+05
133,Ru-106,
161,Ru-106,2.22E+04
188,Ru-106,1.37E+05
220,Ru-106,1.44E+05
222,Ru-106,
238,Ru-106,
297,Ru-106,5.18E+04
310,Ru-106,7.77E+04
320,Ru-106,3.70E+05
323,Ru-106,1.26E+05
338,Ru-106,5.55E+04
356,Ru-106,4.07E+04
387,Ru-106,2.18E+05
15,Ru-106,4.81E+04
29,Ru-106,6.29E+04
132,Ru-106,7.40E+03
145,Ru-106,
236,Ru-106,1.37E+05
237,Ru-106,7.77E+04
30,Ru-106,5.55E+04
56,Ru-106,5.18E+04
115,Ru-106,1.07E+05
144,Ru-106,1.22E+05
159,Ru-106,1.96E+05
172,Ru-106,1.96E+05
174,Ru-106,1.41E+05
187,Ru-106,1.41E+05
234,Ru-106,2.18E+05
235,Ru-106,1.18E+05
266,Ru-106,1.04E+05
267,Ru-106,1.07E+05
294,Ru-106,1.07E+05
296,Ru-106,1.18E+05
322,Ru-106,1.67E+05
370,Ru-106,8.88E+04
373,Ru-106,
417,Ru-106,8.14E+04
420,Ru-106,4.07E+04
112,Ru-106,3.55E+05
113,Ru-106,2.37E+05
130,Ru-106,9.62E+04
157,Ru-106,8.51E+04
221,Ru-106,2.96E+05
248,Ru-106,2.96E+05
250,Ru-106,1.44E+05
264,Ru-106,1.18E+05
337,Ru-106,4.81E+04
463,Ru-106,
477,Ru-106,1.89E+05
525,Ru-106,1.04E+05
335,Ru-106,1.92E+05
431,Ru-106,
43,Ru-106,1.89E+05
114,Ru-106,2.26E+05
129,Ru-106,2.00E+05
280,Ru-106,1.96E+05
307,Ru-106,2.70E+05
360,Ru-106,
402,Ru-106,9.25E+04
405,Ru-106,6.66E+04
432,Ru-106,5.92E+04
42,Ru-106,1.37E+05
206,Ru-106,
249,Ru-106,2.63E+05
281,Ru-106,3.37E+05
354,Ru-106,2.96E+04
355,Ru-106,
444,Ru-106,7.40E+04
448,Ru-106,1.30E+05
70,Ru-106,6.29E+04
98,Ru-106,2.22E+05
142,Ru-106,7.47E+05
143,Ru-106,6.03E+05
390,Ru-106,6.29E+04
404,Ru-106,1.85E+05
427,Ru-106,4.33E+05
28,Ru-106,2.89E+05
128,Ru-106,3.59E+05
265,Ru-106,1.15E+05
293,Ru-106,
319,Ru-106,2.26E+05
321,Ru-106,3.03E+05
388,Ru-106,6.29E+04
416,Ru-106,6.66E+04
430,Ru-106,9.25E+04
14,Ru-106,1.04E+05
127,Ru-106,3.44E+05
158,Ru-106,3.44E+05
171,Ru-106,2.59E+05
218,Ru-106,3.44E+05
219,Ru-106,3.26E+05
305,Ru-106,1.07E+05
351,Ru-106,
352,Ru-106,1.40E+05
359,Ru-106,
368,Ru-106,2.00E+05
386,Ru-106,
389,Ru-106,4.07E+04
415,Ru-106,1.18E+05
442,Ru-106,2.85E+05
443,Ru-106,1.89E+05
510,Ru-106,9.25E+04
292,Ru-106,4.55E+05
450,Ru-106,1.22E+05
13,Ru-106,1.89E+05
55,Ru-106,3.18E+05
88,Ru-106,
233,Ru-106,3.85E+05
304,Ru-106,3.66E+05
306,Ru-106,3.66E+05
318,Ru-106,2.55E+05
372,Ru-106,8.51E+04
478,Ru-106,1.67E+05
494,Ru-106,
495,Ru-106,1.22E+05
279,Ru-106,3.15E+05
480,Ru-106,1.18E+05
508,Ru-106,2.89E+05
97,Ru-106,5.33E+05
111,Ru-106,3.26E+05
185,Ru-106,2.11E+05
217,Ru-106,1.22E+06
247,Ru-106,2.18E+05
263,Ru-106,4.66E+05
303,Ru-106,6.44E+05
317,Ru-106,6.29E+05
334,Ru-106,1.52E+05
385,Ru-106,4.14E+05
426,Ru-106,3.07E+05
440,Ru-106,2.66E+05
447,Ru-106,
509,Ru-106,2.78E+05
536,Ru-106,4.07E+05
538,Ru-106,3.48E+05
12,Ru-106,2.66E+05
41,Ru-106,1.26E+05
262,Ru-106,3.18E+05
413,Ru-106,7.88E+05
462,Ru-106,
27,Ru-106,3.63E+05
100,Ru-106,1.92E+05
184,Ru-106,6.81E+05
232,Ru-106,8.51E+04
277,Ru-106,8.10E+05
289,Ru-106,7.22E+05
291,Ru-106,3.40E+05
384,Ru-106,2.52E+05
395,Ru-106,2.11E+05
412,Ru-106,2.78E+05
435,Ru-106,1.63E+05
445,Ru-106,3.37E+05
460,Ru-106,6.51E+05
461,Ru-106,7.07E+05
492,Ru-106,3.03E+05
539,Ru-106,1.10E+05
290,Ru-106,4.07E+05
302,Ru-106,4.07E+05
331,Ru-106,4.59E+05
449,Ru-106,1.07E+05
464,Ru-106,1.11E+05
401,Ru-106,4.63E+05
82,Ru-106,
108,Ru-106,7.88E+05
110,Ru-106,5.03E+05
126,Ru-106,4.74E+06
141,Ru-106,8.62E+05
169,Ru-106,5.25E+05
183,Ru-106,8.14E+05
301,Ru-106,4.18E+05
411,Ru-106,3.92E+05
428,Ru-106,2.37E+05
434,Ru-106,1.55E+05
441,Ru-106,5.25E+05
446,Ru-106,4.59E+05
465,Ru-106,1.18E+05
507,Ru-106,3.59E+05
522,Ru-106,2.26E+05
523,Ru-106,3.03E+05
524,Ru-106,3.48E+05
40,Ru-106,4.81E+05
80,Ru-106,5.22E+05
96,Ru-106,3.77E+05
203,Ru-106,9.84E+05
261,Ru-106,1.26E+06
288,Ru-106,4.81E+05
316,Ru-106,5.70E+05
439,Ru-106,6.66E+05
457,Ru-106,5.59E+05
458,Ru-106,3.26E+05
459,Ru-106,4.33E+05
537,Ru-106,2.04E+05
81,Ru-106,1.02E+06
246,Ru-106,7.88E+05
350,Ru-106,7.03E+05
398,Ru-106,8.14E+05
95,Ru-106,1.41E+06
109,Ru-106,5.51E+05
231,Ru-106,1.28E+06
276,Ru-106,7.14E+05
366,Ru-106,6.92E+05
382,Ru-106,7.59E+05
396,Ru-106,1.24E+06
408,Ru-106,5.11E+05
479,Ru-106,2.78E+05
26,Ru-106,2.59E+05
125,Ru-106,6.88E+05
140,Ru-106,1.18E+06
155,Ru-106,1.14E+06
168,Ru-106,7.55E+05
181,Ru-106,3.92E+06
202,Ru-106,9.32E+05
229,Ru-106,2.33E+06
230,Ru-106,8.21E+05
308,Ru-106,8.51E+04
424,Ru-106,1.15E+06
425,Ru-106,1.01E+06
433,Ru-106,2.26E+05
476,Ru-106,3.96E+05
491,Ru-106,1.07E+06
521,Ru-106,6.07E+05
11,Ru-106,5.07E+05
154,Ru-106,5.92E+05
275,Ru-106,7.92E+05
287,Ru-106,9.84E+05
332,Ru-106,1.12E+06
123,Ru-106,3.85E+05
124,Ru-106,2.83E+06
153,Ru-106,1.09E+06
167,Ru-106,1.09E+06
173,Ru-106,1.04E+05
259,Ru-106,8.03E+05
260,Ru-106,1.20E+06
274,Ru-106,7.77E+05
286,Ru-106,8.18E+05
349,Ru-106,5.77E+05
383,Ru-106,2.44E+05
393,Ru-106,5.00E+05
394,Ru-106,1.20E+06
397,Ru-106,5.88E+06
403,Ru-106,4.37E+05
406,Ru-106,5.18E+05
409,Ru-106,1.24E+06
438,Ru-106,4.29E+05
489,Ru-106,8.66E+05
244,Ru-106,1.62E+06
65,Ru-106,1.41E+06
242,Ru-106,1.61E+06
245,Ru-106,6.62E+05
273,Ru-106,2.56E+06
348,Ru-106,6.85E+05
364,Ru-106,4.92E+06
437,Ru-106,9.44E+05
66,Ru-106,2.18E+06
83,Ru-106,6.59E+05
475,Ru-106,4.51E+05
51,Ru-106,1.62E+06
67,Ru-106,9.88E+05
228,Ru-106,1.83E+06
258,Ru-106,1.46E+06
107,Ru-106,9.73E+05
201,Ru-106,1.14E+06
216,Ru-106,5.59E+05
272,Ru-106,1.16E+06
474,Ru-106,6.29E+05
488,Ru-106,9.95E+05
10,Ru-106,5.48E+05
139,Ru-106,9.51E+05
520,Ru-106,4.22E+05
20,Ru-106,9.66E+05
49,Ru-106,7.96E+05
85,Ru-106,
94,Ru-106,1.47E+06
215,Ru-106,2.11E+06
227,Ru-106,1.50E+06
257,Ru-106,1.13E+06
391,Ru-106,1.27E+06
456,Ru-106,2.34E+06
19,Ru-106,8.58E+05
52,Ru-106,7.22E+05
54,Ru-106,5.99E+05
64,Ru-106,1.02E+06
79,Ru-106,1.74E+06
122,Ru-106,8.47E+05
137,Ru-106,1.00E+06
455,Ru-106,2.58E+06
63,Ru-106,1.18E+06
78,Ru-106,1.95E+06
472,Ru-106,1.03E+06
490,Ru-106,1.77E+06
35,Ru-106,2.01E+06
17,Ru-106,2.58E+06
18,Ru-106,1.15E+06
93,Ru-106,1.14E+06
136,Ru-106,3.24E+06
256,Ru-106,1.12E+07
399,Ru-106,6.36E+05
452,Ru-106,4.96E+05
454,Ru-106,2.89E+06
470,Ru-106,3.81E+06
471,Ru-106,1.14E+06
506,Ru-106,1.46E+06
535,Ru-106,6.48E+05
241,Ru-106,1.30E+06
436,Ru-106,1.18E+06
50,Ru-106,2.52E+06
347,Ru-106,
62,Ru-106,3.27E+06
3,Ru-106,
5,Ru-106,2.85E+06
106,Ru-106,3.26E+06
121,Ru-106,9.84E+05
138,Ru-106,1.21E+06
213,Ru-106,7.44E+06
380,Ru-106,4.22E+05
392,Ru-106,7.81E+05
453,Ru-106,4.77E+05
486,Ru-106,2.53E+06
487,Ru-106,1.76E+06
226,Ru-106,1.04E+06
48,Ru-106,2.39E+06
61,Ru-106,2.84E+06
214,Ru-106,5.14E+06
421,Ru-106,2.26E+06
505,Ru-106,1.53E+06
518,Ru-106,6.33E+05
21,Ru-106,2.52E+06
33,Ru-106,3.26E+06
92,Ru-106,5.74E+05
2,Ru-106,3.00E+06
4,Ru-106,2.42E+06
16,Ru-106,2.77E+06
25,Ru-106,1.14E+06
34,Ru-106,1.44E+06
46,Ru-106,4.22E+06
47,Ru-106,3.57E+06
77,Ru-106,1.19E+06
212,Ru-106,5.99E+06
271,Ru-106,2.70E+06
473,Ru-106,2.72E+06
485,Ru-106,6.25E+06
533,Ru-106,1.13E+06
8,Ru-106,2.60E+06
76,Ru-106,5.00E+06
502,Ru-106,4.44E+06
532,Ru-106,1.74E+06
1,Ru-106,6.36E+06
6,Ru-106,3.12E+06
24,Ru-106,2.11E+06
32,Ru-106,3.43E+06
37,Ru-106,3.12E+06
39,Ru-106,3.24E+06
91,Ru-106,4.00E+06
365,Ru-106,6.81E+06
468,Ru-106,7.22E+06
484,Ru-106,6.33E+06
501,Ru-106,5.18E+06
503,Ru-106,3.62E+06
504,Ru-106,3.38E+06
514,Ru-106,3.70E+06
516,Ru-106,8.92E+05
519,Ru-106,1.48E+06
528,Ru-106,6.40E+06
529,Ru-106,4.00E+06
530,Ru-106,1.35E+06
534,Ru-106,1.96E+06
7,Ru-106,2.73E+06
346,Ru-106,
9,Ru-106,2.47E+06
31,Ru-106,5.62E+06
38,Ru-106,1.82E+06
378,Ru-106,5.92E+06
515,Ru-106,5.37E+06
363,Ru-106,
483,Ru-106,5.59E+06
513,Ru-106,8.88E+05
361,Ru-106,
466,Ru-106,1.20E+07
527,Ru-106,6.70E+06
22,Ru-106,2.94E+06
53,Ru-106,1.65E+06
362,Ru-106,9.03E+06
467,Ru-106,3.92E+06
481,Ru-106,8.66E+06
482,Ru-106,7.44E+06
526,Ru-106,8.10E+06
451,Ru-106,8.92E+06
377,Ru-106,6.88E+06
497,Ru-106,9.62E+06
511,Ru-106,1.05E+07
499,Ru-106,1.33E+07
512,Ru-106,1.51E+07
23,Ru-106,5.74E+06
496,Ru-106,1.93E+07
68,Ru-106,1.51E+06
498,Ru-106,2.00E+07
376,Ru-106,1.50E+07
36,Ru-106,
58,Ru-106,
69,Ru-106,
71,Ru-106,
84,Ru-106,
86,Ru-106,
99,Ru-106,
101,Ru-106,
134,Ru-106,
151,Ru-106,
152,Ru-106,
166,Ru-106,
177,Ru-106,
182,Ru-106,
186,Ru-106,
189,Ru-106,
191,Ru-106,
192,Ru-106,
196,Ru-106,
197,Ru-106,
198,Ru-106,
199,Ru-106,
200,Ru-106,
204,Ru-106,
205,Ru-106,
208,Ru-106,
211,Ru-106,
223,Ru-106,
224,Ru-106,
243,Ru-106,
278,Ru-106,
325,Ru-106,
333,Ru-106,
343,Ru-106,
367,Ru-106,
371,Ru-106,
374,Ru-106,
379,Ru-106,
381,Ru-106,1.08E+06
400,Ru-106,
407,Ru-106,
410,Ru-106,
414,Ru-106,
422,Ru-106,
423,Ru-106,
429,Ru-106,
469,Ru-106,
493,Ru-106,
500,Ru-106,
517,Ru-106,
531,Ru-106,
156,Cs-134,3.70E+04
165,Cs-134,7.40E+03
170,Cs-134,5.18E+04
180,Cs-134,
353,Cs-134,4.81E+04
59,Cs-134,3.70E+03
369,Cs-134,1.11E+05
73,Cs-134,7.40E+03
89,Cs-134,1.48E+04
90,Cs-134,
135,Cs-134,7.40E+03
163,Cs-134,3.70E+03
193,Cs-134,2.22E+04
194,Cs-134,7.40E+03
195,Cs-134,
299,Cs-134,7.40E+03
300,Cs-134,7.40E+03
314,Cs-134,7.40E+03
315,Cs-134,7.40E+03
327,Cs-134,7.40E+03
328,Cs-134,3.70E+03
329,Cs-134,3.70E+03
330,Cs-134,7.40E+03
344,Cs-134,
345,Cs-134,
375,Cs-134,5.92E+04
118,Cs-134,3.33E+04
147,Cs-134,3.70E+03
150,Cs-134,
175,Cs-134,1.11E+04
324,Cs-134,1.85E+04
357,Cs-134,3.70E+03
419,Cs-134,3.70E+03
60,Cs-134,
102,Cs-134,1.48E+04
104,Cs-134,1.11E+04
105,Cs-134,3.70E+03
120,Cs-134,7.40E+03
148,Cs-134,1.11E+04
149,Cs-134,3.70E+03
209,Cs-134,7.40E+03
251,Cs-134,1.48E+04
285,Cs-134,7.40E+03
298,Cs-134,7.40E+03
312,Cs-134,7.40E+03
313,Cs-134,3.70E+03
341,Cs-134,7.40E+03
190,Cs-134,2.22E+04
57,Cs-134,1.48E+04
74,Cs-134,
75,Cs-134,1.11E+04
117,Cs-134,1.48E+04
207,Cs-134,1.11E+04
210,Cs-134,7.40E+03
225,Cs-134,3.70E+03
270,Cs-134,3.70E+03
326,Cs-134,3.70E+03
342,Cs-134,3.70E+03
45,Cs-134,3.33E+04
72,Cs-134,2.96E+04
87,Cs-134,2.96E+04
103,Cs-134,5.18E+04
119,Cs-134,7.40E+03
146,Cs-134,1.85E+04
164,Cs-134,7.40E+03
176,Cs-134,1.11E+04
178,Cs-134,1.85E+04
179,Cs-134,7.40E+03
240,Cs-134,1.11E+04
253,Cs-134,2.96E+04
254,Cs-134,1.11E+04
255,Cs-134,1.11E+04
269,Cs-134,7.40E+03
283,Cs-134,1.85E+04
295,Cs-134,2.59E+04
309,Cs-134,1.07E+04
311,Cs-134,3.70E+03
336,Cs-134,2.22E+04
339,Cs-134,1.85E+04
358,Cs-134,6.29E+04
418,Cs-134,3.33E+04
44,Cs-134,1.85E+04
131,Cs-134,1.85E+04
160,Cs-134,1.85E+04
162,Cs-134,1.48E+04
239,Cs-134,1.48E+04
252,Cs-134,1.85E+04
268,Cs-134,1.85E+04
282,Cs-134,1.85E+04
284,Cs-134,1.48E+04
340,Cs-134,7.40E+03
540,Cs-134,3.33E+04
116,Cs-134,2.96E+04
133,Cs-134,1.85E+04
161,Cs-134,1.48E+04
188,Cs-134,2.96E+04
220,Cs-134,2.59E+04
222,Cs-134,1.85E+04
238,Cs-134,3.70E+03
297,Cs-134,1.11E+04
310,Cs-134,1.11E+04
320,Cs-134,4.07E+04
323,Cs-134,1.44E+04
338,Cs-134,1.85E+04
356,Cs-134,6.29E+04
387,Cs-134,5.92E+04
15,Cs-134,1.48E+04
29,Cs-134,2.22E+04
132,Cs-134,3.70E+03
145,Cs-134,4.44E+04
236,Cs-134,1.85E+04
237,Cs-134,2.59E+04
30,Cs-134,2.22E+04
56,Cs-134,1.48E+04
115,Cs-134,2.96E+04
144,Cs-134,3.33E+04
159,Cs-134,3.33E+04
172,Cs-134,4.07E+04
174,Cs-134,1.85E+04
187,Cs-134,3.70E+04
234,Cs-134,3.33E+04
235,Cs-134,2.59E+04
266,Cs-134,1.11E+04
267,Cs-134,2.96E+04
294,Cs-134,2.22E+04
296,Cs-134,1.85E+04
322,Cs-134,2.96E+04
370,Cs-134,3.33E+04
373,Cs-134,2.96E+04
417,Cs-134,4.44E+04
420,Cs-134,4.44E+04
112,Cs-134,7.03E+04
113,Cs-134,4.81E+04
130,Cs-134,2.22E+04
157,Cs-134,2.59E+04
221,Cs-134,4.81E+04
248,Cs-134,6.29E+04
250,Cs-134,2.59E+04
264,Cs-134,1.85E+04
337,Cs-134,1.11E+04
463,Cs-134,1.11E+04
477,Cs-134,1.26E+05
525,Cs-134,4.81E+04
335,Cs-134,3.70E+04
431,Cs-134,5.18E+04
43,Cs-134,3.33E+04
114,Cs-134,3.70E+04
129,Cs-134,3.70E+04
280,Cs-134,5.55E+04
307,Cs-134,5.55E+04
360,Cs-134,3.33E+04
402,Cs-134,7.77E+04
405,Cs-134,2.22E+04
432,Cs-134,5.55E+04
42,Cs-134,6.29E+04
206,Cs-134,6.29E+04
249,Cs-134,4.07E+04
281,Cs-134,5.55E+04
354,Cs-134,1.11E+04
355,Cs-134,2.59E+04
444,Cs-134,3.70E+04
448,Cs-134,7.77E+04
70,Cs-134,1.11E+04
98,Cs-134,2.59E+04
142,Cs-134,1.33E+05
143,Cs-134,1.18E+05
390,Cs-134,7.03E+04
404,Cs-134,5.55E+04
427,Cs-134,1.07E+05
28,Cs-134,9.25E+04
128,Cs-134,8.14E+04
265,Cs-134,2.22E+04
293,Cs-134,8.88E+04
319,Cs-134,2.96E+04
321,Cs-134,6.66E+04
388,Cs-134,7.40E+04
416,Cs-134,5.18E+04
430,Cs-134,4.81E+04
14,Cs-134,1.07E+05
127,Cs-134,5.92E+04
158,Cs-134,7.77E+04
171,Cs-134,5.18E+04
218,Cs-134,7.03E+04
219,Cs-134,6.29E+04
305,Cs-134,1.85E+04
351,Cs-134,1.85E+04
352,Cs-134,2.96E+04
359,Cs-134,1.18E+05
368,Cs-134,4.81E+04
386,Cs-134,8.14E+04
389,Cs-134,5.92E+04
415,Cs-134,1.48E+05
442,Cs-134,7.77E+04
443,Cs-134,7.03E+04
510,Cs-134,3.33E+04
292,Cs-134,7.03E+04
450,Cs-134,1.18E+05
13,Cs-134,8.51E+04
55,Cs-134,1.81E+05
88,Cs-134,1.85E+04
233,Cs-134,5.18E+04
304,Cs-134,8.51E+04
306,Cs-134,5.18E+04
318,Cs-134,4.44E+04
372,Cs-134,1.37E+05
478,Cs-134,1.33E+05
494,Cs-134,1.96E+05
495,Cs-134,1.33E+05
279,Cs-134,2.59E+04
480,Cs-134,1.74E+05
508,Cs-134,2.04E+05
97,Cs-134,1.04E+05
111,Cs-134,1.33E+05
185,Cs-134,5.18E+04
217,Cs-134,1.81E+05
247,Cs-134,4.44E+04
263,Cs-134,8.14E+04
303,Cs-134,9.25E+04
317,Cs-134,8.14E+04
334,Cs-134,2.96E+04
385,Cs-134,9.62E+04
426,Cs-134,7.40E+04
440,Cs-134,6.66E+04
447,Cs-134,1.55E+05
509,Cs-134,1.48E+05
536,Cs-134,1.44E+05
538,Cs-134,2.41E+05
12,Cs-134,1.41E+05
41,Cs-134,1.15E+05
262,Cs-134,5.18E+04
413,Cs-134,1.41E+05
462,Cs-134,2.63E+05
27,Cs-134,1.33E+05
100,Cs-134,2.48E+05
184,Cs-134,1.07E+05
232,Cs-134,2.22E+04
277,Cs-134,1.33E+05
289,Cs-134,1.22E+05
291,Cs-134,4.44E+04
384,Cs-134,7.40E+04
395,Cs-134,9.25E+04
412,Cs-134,1.41E+05
435,Cs-134,1.78E+05
445,Cs-134,3.11E+05
460,Cs-134,3.55E+05
461,Cs-134,3.85E+05
492,Cs-134,1.63E+05
539,Cs-134,1.10E+05
290,Cs-134,4.81E+04
302,Cs-134,7.03E+04
331,Cs-134,9.62E+04
449,Cs-134,1.30E+05
464,Cs-134,1.52E+05
401,Cs-134,2.11E+05
82,Cs-134,2.37E+05
108,Cs-134,1.96E+05
110,Cs-134,1.22E+05
126,Cs-134,1.52E+05
141,Cs-134,1.81E+05
169,Cs-134,1.04E+05
183,Cs-134,1.33E+05
301,Cs-134,4.81E+04
411,Cs-134,1.11E+05
428,Cs-134,7.03E+04
434,Cs-134,2.70E+05
441,Cs-134,8.14E+04
446,Cs-134,3.96E+05
465,Cs-134,2.00E+05
507,Cs-134,3.70E+05
522,Cs-134,2.48E+05
523,Cs-134,2.22E+05
524,Cs-134,2.04E+05
40,Cs-134,2.26E+05
80,Cs-134,3.70E+04
96,Cs-134,8.14E+04
203,Cs-134,1.11E+05
261,Cs-134,2.81E+05
288,Cs-134,7.40E+04
316,Cs-134,8.51E+04
439,Cs-134,2.89E+05
457,Cs-134,3.33E+05
458,Cs-134,1.44E+05
459,Cs-134,2.85E+05
537,Cs-134,2.29E+05
81,Cs-134,1.59E+05
246,Cs-134,8.51E+04
350,Cs-134,9.25E+04
398,Cs-134,2.44E+05
95,Cs-134,2.41E+05
109,Cs-134,1.15E+05
231,Cs-134,1.81E+05
276,Cs-134,9.25E+04
366,Cs-134,1.22E+05
382,Cs-134,2.15E+05
396,Cs-134,2.33E+05
408,Cs-134,1.18E+05
479,Cs-134,3.48E+05
26,Cs-134,2.63E+05
125,Cs-134,1.26E+05
140,Cs-134,2.11E+05
155,Cs-134,1.41E+05
168,Cs-134,1.22E+05
181,Cs-134,6.11E+05
202,Cs-134,1.52E+05
229,Cs-134,3.59E+05
230,Cs-134,1.33E+05
308,Cs-134,2.22E+04
424,Cs-134,1.67E+05
425,Cs-134,1.44E+05
433,Cs-134,3.63E+05
476,Cs-134,2.78E+05
491,Cs-134,5.40E+05
521,Cs-134,1.85E+05
11,Cs-134,4.85E+05
154,Cs-134,1.15E+05
275,Cs-134,6.66E+04
287,Cs-134,1.48E+05
332,Cs-134,2.07E+05
123,Cs-134,7.40E+04
124,Cs-134,3.00E+05
153,Cs-134,2.26E+05
167,Cs-134,1.63E+05
173,Cs-134,2.22E+04
259,Cs-134,1.52E+05
260,Cs-134,2.07E+05
274,Cs-134,1.59E+05
286,Cs-134,1.26E+05
349,Cs-134,1.15E+05
383,Cs-134,4.44E+04
393,Cs-134,1.85E+05
394,Cs-134,1.26E+05
397,Cs-134,9.81E+05
403,Cs-134,1.26E+05
406,Cs-134,9.62E+04
409,Cs-134,1.81E+05
438,Cs-134,9.25E+04
489,Cs-134,5.44E+05
244,Cs-134,2.04E+05
65,Cs-134,2.33E+05
242,Cs-134,2.41E+05
245,Cs-134,9.99E+04
273,Cs-134,3.70E+05
348,Cs-134,1.55E+05
364,Cs-134,1.12E+06
437,Cs-134,2.07E+05
66,Cs-134,5.99E+05
83,Cs-134,7.10E+05
475,Cs-134,3.85E+05
51,Cs-134,8.07E+05
67,Cs-134,4.29E+05
228,Cs-134,4.26E+05
258,Cs-134,1.04E+05
107,Cs-134,1.81E+05
201,Cs-134,2.18E+05
216,Cs-134,2.37E+05
272,Cs-134,2.29E+05
474,Cs-134,3.63E+05
488,Cs-134,4.48E+05
10,Cs-134,4.37E+05
139,Cs-134,2.37E+05
520,Cs-134,3.63E+05
20,Cs-134,2.26E+05
49,Cs-134,1.89E+05
85,Cs-134,2.55E+05
94,Cs-134,2.29E+05
215,Cs-134,3.15E+05
227,Cs-134,2.85E+05
257,Cs-134,1.89E+05
391,Cs-134,2.70E+05
456,Cs-134,4.55E+05
19,Cs-134,4.37E+05
52,Cs-134,5.33E+05
54,Cs-134,4.88E+05
64,Cs-134,2.66E+05
79,Cs-134,3.81E+05
122,Cs-134,2.66E+05
137,Cs-134,1.41E+05
455,Cs-134,4.96E+05
63,Cs-134,1.96E+05
78,Cs-134,3.77E+06
472,Cs-134,2.89E+05
490,Cs-134,1.10E+06
35,Cs-134,4.85E+05
17,Cs-134,6.33E+05
18,Cs-134,2.63E+05
93,Cs-134,1.67E+05
136,Cs-134,6.81E+05
256,Cs-134,2.01E+06
399,Cs-134,2.63E+05
452,Cs-134,8.51E+04
454,Cs-134,5.40E+05
470,Cs-134,7.73E+05
471,Cs-134,1.96E+05
506,Cs-134,3.40E+05
535,Cs-134,6.03E+05
241,Cs-134,2.22E+05
436,Cs-134,2.37E+05
50,Cs-134,7.59E+05
347,Cs-134,5.70E+05
62,Cs-134,1.85E+05
3,Cs-134,
5,Cs-134,7.77E+05
106,Cs-134,6.11E+05
121,Cs-134,2.29E+05
138,Cs-134,2.29E+05
213,Cs-134,9.84E+05
380,Cs-134,1.33E+05
392,Cs-134,1.33E+05
453,Cs-134,9.99E+04
486,Cs-134,5.11E+05
487,Cs-134,6.66E+05
226,Cs-134,2.44E+05
48,Cs-134,5.14E+05
61,Cs-134,5.85E+05
214,Cs-134,7.25E+05
421,Cs-134,4.81E+05
505,Cs-134,1.04E+06
518,Cs-134,4.22E+05
21,Cs-134,9.07E+05
33,Cs-134,4.74E+05
92,Cs-134,1.07E+05
2,Cs-134,5.59E+05
4,Cs-134,6.44E+05
16,Cs-134,7.81E+05
25,Cs-134,1.54E+06
34,Cs-134,2.52E+05
46,Cs-134,9.81E+05
47,Cs-134,6.48E+05
77,Cs-134,2.26E+05
212,Cs-134,1.04E+06
271,Cs-134,4.88E+05
473,Cs-134,9.03E+05
485,Cs-134,1.17E+06
533,Cs-134,9.36E+05
8,Cs-134,2.37E+06
76,Cs-134,7.22E+05
502,Cs-134,1.25E+06
532,Cs-134,1.44E+06
1,Cs-134,9.69E+05
6,Cs-134,1.88E+06
24,Cs-134,2.66E+06
32,Cs-134,7.77E+05
37,Cs-134,2.76E+06
39,Cs-134,2.93E+06
91,Cs-134,6.66E+05
365,Cs-134,1.65E+06
468,Cs-134,1.09E+06
484,Cs-134,8.36E+05
501,Cs-134,1.13E+06
503,Cs-134,1.07E+06
504,Cs-134,1.70E+06
514,Cs-134,3.00E+05
516,Cs-134,3.03E+05
519,Cs-134,1.59E+06
528,Cs-134,8.99E+05
529,Cs-134,6.59E+05
530,Cs-134,3.44E+05
534,Cs-134,2.26E+06
7,Cs-134,2.06E+06
346,Cs-134,3.48E+05
9,Cs-134,2.57E+06
31,Cs-134,8.10E+05
38,Cs-134,2.28E+06
378,Cs-134,1.55E+06
515,Cs-134,1.65E+06
363,Cs-134,6.85E+05
483,Cs-134,1.10E+06
513,Cs-134,1.70E+05
361,Cs-134,
466,Cs-134,1.78E+06
527,Cs-134,1.10E+06
22,Cs-134,2.64E+06
53,Cs-134,1.78E+06
362,Cs-134,5.18E+05
467,Cs-134,6.59E+05
481,Cs-134,1.85E+06
482,Cs-134,1.38E+06
526,Cs-134,9.73E+05
451,Cs-134,1.61E+06
377,Cs-134,1.55E+06
497,Cs-134,2.01E+06
511,Cs-134,1.85E+06
499,Cs-134,1.80E+06
512,Cs-134,2.60E+06
23,Cs-134,6.96E+06
496,Cs-134,3.50E+06
68,Cs-134,2.05E+06
498,Cs-134,3.31E+06
376,Cs-134,3.46E+06
36,Cs-134,
58,Cs-134,
69,Cs-134,
71,Cs-134,
84,Cs-134,
86,Cs-134,
99,Cs-134,
101,Cs-134,
134,Cs-134,
151,Cs-134,
152,Cs-134,
166,Cs-134,
177,Cs-134,
182,Cs-134,
186,Cs-134,
189,Cs-134,
191,Cs-134,
192,Cs-134,
196,Cs-134,
197,Cs-134,
198,Cs-134,
199,Cs-134,
200,Cs-134,
204,Cs-134,
205,Cs-134,
208,Cs-134,
211,Cs-134,
223,Cs-134,
224,Cs-134,
243,Cs-134,
278,Cs-134,
325,Cs-134,
333,Cs-134,
343,Cs-134,
367,Cs-134,
371,Cs-134,
374,Cs-134,1.11E+04
379,Cs-134,
381,Cs-134,
400,Cs-134,
407,Cs-134,
410,Cs-134,
414,Cs-134,
422,Cs-134,
423,Cs-134,
429,Cs-134,
469,Cs-134,
493,Cs-134,
500,Cs-134,
517,Cs-134,
531,Cs-134,
156,Cs-137,1.07E+05
165,Cs-137,1.11E+04
170,Cs-137,1.44E+05
180,Cs-137,2.22E+04
353,Cs-137,1.30E+05
59,Cs-137,1.48E+04
369,Cs-137,2.33E+05
73,Cs-137,1.85E+04
89,Cs-137,2.22E+04
90,Cs-137,7.40E+03
135,Cs-137,
163,Cs-137,1.11E+04
193,Cs-137,5.18E+04
194,Cs-137,1.85E+04
195,Cs-137,2.22E+04
299,Cs-137,2.22E+04
300,Cs-137,1.85E+04
314,Cs-137,2.22E+04
315,Cs-137,1.48E+04
327,Cs-137,1.48E+04
328,Cs-137,7.40E+03
329,Cs-137,1.11E+04
330,Cs-137,1.48E+04
344,Cs-137,4.07E+04
345,Cs-137,2.59E+04
375,Cs-137,1.44E+05
118,Cs-137,8.88E+04
147,Cs-137,1.85E+04
150,Cs-137,
175,Cs-137,4.07E+04
324,Cs-137,5.55E+04
357,Cs-137,1.11E+04
419,Cs-137,1.48E+04
60,Cs-137,2.59E+04
102,Cs-137,4.44E+04
104,Cs-137,2.96E+04
105,Cs-137,1.48E+04
120,Cs-137,1.48E+04
148,Cs-137,2.96E+04
149,Cs-137,1.11E+04
209,Cs-137,1.85E+04
251,Cs-137,4.07E+04
285,Cs-137,4.07E+04
298,Cs-137,2.59E+04
312,Cs-137,1.85E+04
313,Cs-137,1.48E+04
341,Cs-137,2.22E+04
190,Cs-137,6.29E+04
57,Cs-137,4.81E+04
74,Cs-137,3.70E+03
75,Cs-137,2.96E+04
117,Cs-137,5.18E+04
207,Cs-137,3.33E+04
210,Cs-137,1.85E+04
225,Cs-137,2.96E+04
270,Cs-137,3.33E+04
326,Cs-137,1.11E+04
342,Cs-137,1.11E+04
45,Cs-137,8.51E+04
72,Cs-137,8.14E+04
87,Cs-137,7.03E+04
103,Cs-137,1.30E+05
119,Cs-137,2.59E+04
146,Cs-137,4.81E+04
164,Cs-137,2.22E+04
176,Cs-137,3.70E+04
178,Cs-137,4.44E+04
179,Cs-137,1.85E+04
240,Cs-137,4.44E+04
253,Cs-137,8.14E+04
254,Cs-137,2.96E+04
255,Cs-137,2.96E+04
269,Cs-137,4.81E+04
283,Cs-137,5.18E+04
295,Cs-137,7.03E+04
309,Cs-137,3.00E+04
311,Cs-137,1.48E+04
336,Cs-137,5.92E+04
339,Cs-137,4.81E+04
358,Cs-137,1.55E+05
418,Cs-137,7.77E+04
44,Cs-137,4.44E+04
131,Cs-137,5.18E+04
160,Cs-137,5.18E+04
162,Cs-137,4.81E+04
239,Cs-137,4.44E+04
252,Cs-137,5.18E+04
268,Cs-137,5.55E+04
282,Cs-137,4.81E+04
284,Cs-137,3.70E+04
340,Cs-137,1.48E+04
540,Cs-137,9.62E+04
116,Cs-137,8.51E+04
133,Cs-137,4.07E+04
161,Cs-137,3.33E+04
188,Cs-137,8.14E+04
220,Cs-137,6.66E+04
222,Cs-137,4.44E+04
238,Cs-137,3.70E+04
297,Cs-137,2.96E+04
310,Cs-137,3.33E+04
320,Cs-137,1.11E+05
323,Cs-137,5.18E+04
338,Cs-137,4.81E+04
356,Cs-137,1.63E+05
387,Cs-137,1.55E+05
15,Cs-137,7.77E+04
29,Cs-137,5.92E+04
132,Cs-137,7.40E+03
145,Cs-137,1.07E+05
236,Cs-137,5.55E+04
237,Cs-137,7.03E+04
30,Cs-137,5.92E+04
56,Cs-137,4.44E+04
115,Cs-137,8.51E+04
144,Cs-137,8.51E+04
159,Cs-137,8.51E+04
172,Cs-137,1.07E+05
174,Cs-137,7.03E+04
187,Cs-137,9.62E+04
234,Cs-137,9.25E+04
235,Cs-137,7.40E+04
266,Cs-137,4.07E+04
267,Cs-137,7.40E+04
294,Cs-137,6.29E+04
296,Cs-137,5.92E+04
322,Cs-137,8.14E+04
370,Cs-137,9.99E+04
373,Cs-137,7.03E+04
417,Cs-137,1.15E+05
420,Cs-137,1.22E+05
112,Cs-137,2.04E+05
113,Cs-137,1.30E+05
130,Cs-137,6.29E+04
157,Cs-137,6.66E+04
221,Cs-137,1.41E+05
248,Cs-137,1.55E+05
250,Cs-137,1.26E+05
264,Cs-137,5.18E+04
337,Cs-137,2.96E+04
463,Cs-137,3.33E+04
477,Cs-137,3.00E+05
525,Cs-137,1.30E+05
335,Cs-137,8.88E+04
431,Cs-137,9.99E+04
43,Cs-137,8.14E+04
114,Cs-137,1.07E+05
129,Cs-137,1.11E+05
280,Cs-137,1.41E+05
307,Cs-137,1.30E+05
360,Cs-137,8.14E+04
402,Cs-137,1.96E+05
405,Cs-137,5.92E+04
432,Cs-137,1.37E+05
42,Cs-137,1.67E+05
206,Cs-137,1.59E+05
249,Cs-137,1.18E+05
281,Cs-137,1.78E+05
354,Cs-137,2.96E+04
355,Cs-137,6.29E+04
444,Cs-137,9.62E+04
448,Cs-137,1.81E+05
70,Cs-137,3.33E+04
98,Cs-137,8.14E+04
142,Cs-137,3.59E+05
143,Cs-137,3.03E+05
390,Cs-137,1.67E+05
404,Cs-137,1.52E+05
427,Cs-137,2.85E+05
28,Cs-137,2.37E+05
128,Cs-137,1.92E+05
265,Cs-137,6.66E+04
293,Cs-137,2.07E+05
319,Cs-137,1.07E+05
321,Cs-137,1.81E+05
388,Cs-137,1.89E+05
416,Cs-137,1.33E+05
430,Cs-137,1.30E+05
14,Cs-137,2.85E+05
127,Cs-137,1.63E+05
158,Cs-137,2.07E+05
171,Cs-137,1.52E+05
218,Cs-137,1.96E+05
219,Cs-137,1.78E+05
305,Cs-137,5.18E+04
351,Cs-137,1.37E+05
352,Cs-137,1.22E+05
359,Cs-137,2.92E+05
368,Cs-137,1.33E+05
386,Cs-137,2.00E+05
389,Cs-137,1.41E+05
415,Cs-137,3.55E+05
442,Cs-137,2.29E+05
443,Cs-137,1.92E+05
510,Cs-137,9.25E+04
292,Cs-137,1.89E+05
450,Cs-137,3.07E+05
13,Cs-137,2.37E+05
55,Cs-137,4.74E+05
88,Cs-137,5.55E+04
233,Cs-137,1.33E+05
304,Cs-137,1.63E+05
306,Cs-137,1.55E+05
318,Cs-137,1.11E+05
372,Cs-137,3.48E+05
478,Cs-137,3.37E+05
494,Cs-137,4.77E+05
495,Cs-137,3.33E+05
279,Cs-137,1.74E+05
480,Cs-137,4.40E+05
508,Cs-137,5.37E+05
97,Cs-137,2.41E+05
111,Cs-137,3.26E+05
185,Cs-137,1.33E+05
217,Cs-137,5.29E+05
247,Cs-137,1.15E+05
263,Cs-137,2.18E+05
303,Cs-137,2.74E+05
317,Cs-137,2.04E+05
334,Cs-137,8.51E+04
385,Cs-137,2.41E+05
426,Cs-137,1.74E+05
440,Cs-137,1.85E+05
447,Cs-137,3.77E+05
509,Cs-137,3.77E+05
536,Cs-137,3.63E+05
538,Cs-137,5.81E+05
12,Cs-137,3.77E+05
41,Cs-137,3.11E+05
262,Cs-137,1.63E+05
413,Cs-137,3.52E+05
462,Cs-137,6.62E+05
27,Cs-137,3.48E+05
100,Cs-137,7.14E+05
184,Cs-137,2.59E+05
232,Cs-137,6.29E+04
277,Cs-137,3.89E+05
289,Cs-137,3.11E+05
291,Cs-137,1.18E+05
384,Cs-137,2.07E+05
395,Cs-137,2.66E+05
412,Cs-137,3.96E+05
435,Cs-137,4.81E+05
445,Cs-137,7.33E+05
460,Cs-137,9.03E+05
461,Cs-137,9.88E+05
492,Cs-137,4.07E+05
539,Cs-137,2.89E+05
290,Cs-137,1.44E+05
302,Cs-137,1.74E+05
331,Cs-137,2.74E+05
449,Cs-137,3.29E+05
464,Cs-137,4.18E+05
401,Cs-137,5.33E+05
82,Cs-137,5.62E+05
108,Cs-137,5.66E+05
110,Cs-137,3.03E+05
126,Cs-137,5.11E+05
141,Cs-137,4.40E+05
169,Cs-137,2.70E+05
183,Cs-137,4.18E+05
301,Cs-137,1.52E+05
411,Cs-137,2.96E+05
428,Cs-137,1.78E+05
434,Cs-137,7.40E+05
441,Cs-137,3.29E+05
446,Cs-137,8.88E+05
465,Cs-137,4.74E+05
507,Cs-137,9.40E+05
522,Cs-137,6.81E+05
523,Cs-137,5.70E+05
524,Cs-137,4.92E+05
40,Cs-137,5.81E+05
80,Cs-137,2.11E+05
96,Cs-137,2.29E+05
203,Cs-137,5.70E+05
261,Cs-137,8.03E+05
288,Cs-137,2.15E+05
316,Cs-137,2.78E+05
439,Cs-137,5.03E+05
457,Cs-137,8.88E+05
458,Cs-137,3.77E+05
459,Cs-137,7.84E+05
537,Cs-137,6.25E+05
81,Cs-137,4.59E+05
246,Cs-137,3.85E+05
350,Cs-137,2.81E+05
398,Cs-137,6.99E+05
95,Cs-137,6.11E+05
109,Cs-137,3.11E+05
231,Cs-137,5.00E+05
276,Cs-137,2.74E+05
366,Cs-137,3.74E+05
382,Cs-137,6.62E+05
396,Cs-137,6.70E+05
408,Cs-137,3.66E+05
479,Cs-137,8.44E+05
26,Cs-137,6.59E+05
125,Cs-137,3.66E+05
140,Cs-137,5.11E+05
155,Cs-137,4.33E+05
168,Cs-137,3.74E+05
181,Cs-137,1.53E+06
202,Cs-137,4.26E+05
229,Cs-137,1.02E+06
230,Cs-137,3.85E+05
308,Cs-137,5.55E+04
424,Cs-137,6.36E+05
425,Cs-137,6.07E+05
433,Cs-137,1.12E+06
476,Cs-137,7.07E+05
491,Cs-137,1.39E+06
521,Cs-137,4.81E+05
11,Cs-137,1.35E+06
154,Cs-137,3.26E+05
275,Cs-137,5.00E+05
287,Cs-137,4.51E+05
332,Cs-137,5.51E+05
123,Cs-137,1.96E+05
124,Cs-137,8.33E+05
153,Cs-137,5.74E+05
167,Cs-137,5.40E+05
173,Cs-137,6.66E+04
259,Cs-137,4.59E+05
260,Cs-137,5.44E+05
274,Cs-137,4.77E+05
286,Cs-137,3.55E+05
349,Cs-137,3.26E+05
383,Cs-137,1.81E+05
393,Cs-137,5.29E+05
394,Cs-137,3.55E+05
397,Cs-137,3.30E+06
403,Cs-137,3.70E+05
406,Cs-137,2.55E+05
409,Cs-137,5.88E+05
438,Cs-137,2.41E+05
489,Cs-137,2.03E+06
244,Cs-137,6.36E+05
65,Cs-137,6.25E+05
242,Cs-137,5.70E+05
245,Cs-137,2.74E+05
273,Cs-137,1.12E+06
348,Cs-137,4.18E+05
364,Cs-137,2.61E+06
437,Cs-137,5.44E+05
66,Cs-137,1.46E+06
83,Cs-137,1.82E+06
475,Cs-137,1.11E+06
51,Cs-137,1.96E+06
67,Cs-137,9.77E+05
228,Cs-137,1.15E+06
258,Cs-137,8.36E+05
107,Cs-137,5.59E+05
201,Cs-137,5.92E+05
216,Cs-137,6.14E+05
272,Cs-137,6.48E+05
474,Cs-137,9.25E+05
488,Cs-137,1.55E+06
10,Cs-137,1.21E+06
139,Cs-137,6.48E+05
520,Cs-137,1.05E+06
20,Cs-137,5.29E+05
49,Cs-137,5.22E+05
85,Cs-137,1.08E+06
94,Cs-137,6.77E+05
215,Cs-137,7.81E+05
227,Cs-137,8.29E+05
257,Cs-137,6.18E+05
391,Cs-137,7.51E+05
456,Cs-137,1.26E+06
19,Cs-137,1.51E+06
52,Cs-137,1.52E+06
54,Cs-137,1.25E+06
64,Cs-137,7.55E+05
79,Cs-137,9.92E+05
122,Cs-137,6.48E+05
137,Cs-137,4.66E+05
455,Cs-137,1.31E+06
63,Cs-137,5.11E+05
78,Cs-137,1.11E+06
472,Cs-137,9.62E+05
490,Cs-137,3.19E+06
35,Cs-137,1.29E+06
17,Cs-137,1.63E+06
18,Cs-137,7.84E+05
93,Cs-137,6.85E+05
136,Cs-137,1.65E+06
256,Cs-137,5.44E+06
399,Cs-137,7.59E+05
452,Cs-137,2.48E+05
454,Cs-137,1.55E+06
470,Cs-137,1.81E+06
471,Cs-137,4.44E+05
506,Cs-137,1.04E+06
535,Cs-137,1.69E+06
241,Cs-137,5.70E+05
436,Cs-137,7.77E+05
50,Cs-137,1.84E+06
347,Cs-137,1.35E+06
62,Cs-137,1.89E+06
3,Cs-137,6.59E+05
5,Cs-137,1.84E+06
106,Cs-137,1.58E+06
121,Cs-137,6.70E+05
138,Cs-137,7.10E+05
213,Cs-137,2.59E+06
380,Cs-137,3.89E+05
392,Cs-137,3.92E+05
453,Cs-137,
486,Cs-137,1.45E+06
487,Cs-137,1.74E+06
226,Cs-137,8.51E+05
48,Cs-137,1.40E+06
61,Cs-137,1.47E+06
214,Cs-137,1.99E+06
421,Cs-137,1.30E+06
505,Cs-137,2.24E+06
518,Cs-137,1.53E+06
21,Cs-137,2.12E+06
33,Cs-137,1.32E+06
92,Cs-137,3.11E+05
2,Cs-137,1.50E+06
4,Cs-137,1.51E+06
16,Cs-137,1.95E+06
25,Cs-137,3.74E+06
34,Cs-137,8.51E+05
46,Cs-137,2.45E+06
47,Cs-137,1.79E+06
77,Cs-137,6.81E+05
212,Cs-137,2.60E+06
271,Cs-137,1.34E+06
473,Cs-137,2.34E+06
485,Cs-137,2.89E+06
533,Cs-137,2.09E+06
8,Cs-137,5.66E+06
76,Cs-137,1.89E+06
502,Cs-137,3.34E+06
532,Cs-137,3.43E+06
1,Cs-137,2.50E+06
6,Cs-137,4.74E+06
24,Cs-137,6.40E+06
32,Cs-137,2.17E+06
37,Cs-137,6.73E+06
39,Cs-137,7.03E+06
91,Cs-137,1.75E+06
365,Cs-137,4.26E+06
468,Cs-137,3.24E+06
484,Cs-137,2.23E+06
501,Cs-137,2.95E+06
503,Cs-137,2.62E+06
504,Cs-137,3.77E+06
514,Cs-137,2.20E+06
516,Cs-137,8.44E+05
519,Cs-137,3.81E+06
528,Cs-137,2.38E+06
529,Cs-137,1.78E+06
530,Cs-137,1.02E+06
534,Cs-137,5.29E+06
7,Cs-137,5.33E+06
346,Cs-137,1.38E+06
9,Cs-137,6.11E+06
31,Cs-137,2.28E+06
38,Cs-137,5.62E+06
378,Cs-137,4.07E+06
515,Cs-137,4.03E+06
363,Cs-137,1.45E+06
483,Cs-137,2.55E+06
513,Cs-137,4.66E+05
361,Cs-137,1.12E+06
466,Cs-137,4.63E+06
527,Cs-137,2.87E+06
22,Cs-137,6.66E+06
53,Cs-137,4.29E+06
362,Cs-137,3.31E+06
467,Cs-137,1.84E+06
481,Cs-137,4.48E+06
482,Cs-137,3.44E+06
526,Cs-137,2.59E+06
451,Cs-137,4.77E+06
377,Cs-137,4.22E+06
497,Cs-137,5.14E+06
511,Cs-137,5.00E+06
499,Cs-137,5.51E+06
512,Cs-137,6.25E+06
23,Cs-137,1.66E+07
496,Cs-137,8.29E+06
68,Cs-137,4.77E+06
498,Cs-137,8.07E+06
376,Cs-137,9.69E+06
36,Cs-137,
58,Cs-137,
69,Cs-137,
71,Cs-137,
84,Cs-137,
86,Cs-137,
99,Cs-137,
101,Cs-137,
134,Cs-137,
151,Cs-137,
152,Cs-137,
166,Cs-137,
177,Cs-137,
182,Cs-137,
186,Cs-137,
189,Cs-137,
191,Cs-137,
192,Cs-137,
196,Cs-137,
197,Cs-137,
198,Cs-137,
199,Cs-137,
200,Cs-137,
204,Cs-137,
205,Cs-137,
208,Cs-137,
211,Cs-137,
223,Cs-137,
224,Cs-137,
243,Cs-137,
278,Cs-137,
325,Cs-137,
333,Cs-137,
343,Cs-137,
367,Cs-137,
371,Cs-137,
374,Cs-137,2.22E+04
379,Cs-137,
381,Cs-137,2.96E+05
400,Cs-137,
407,Cs-137,
410,Cs-137,
414,Cs-137,
422,Cs-137,
423,Cs-137,
429,Cs-137,
469,Cs-137,
493,Cs-137,
500,Cs-137,
517,Cs-137,
531,Cs-137,
