Identifier,Angle_degree,Distance_from_ChNPP_km,Date_gamma_measurement ,Exposure_Dose_rate_mR/h,Absorbed_dose_rate_microGray/h,Zr-95_Bqm2,"SZR-95, relative error",Nb-95_Bqm2,"SNB-95, relative error",Ru-106_Bqm2,"SRU-106, relative error",Cs-134_Bqm2,"SCS-134, relative error",Cs-137_Bqm2,"SCS-137, relative error",Ce-144_Bq/m3,"SCe-144, relative error",Cs134 + Cs137 Bq/m2,Total Cs - exchangeable form bq/m2,Exch_Cs-134+Cs-137_Bqm2
1,10,5,05/06/1987,5,43.7,8.10E+05,0.06,1.64E+06,0.03,6.36E+06,0.04,9.69E+05,0.04,2.50E+06,0.02,1.55E+07,0.02,3.47E+06,2.72E+06,7.59E+05
2,10,6,05/06/1987,4,34.9,5.29E+05,0.08,1.05E+06,0.04,3.00E+06,0.07,5.59E+05,0.05,1.50E+06,0.03,8.99E+06,0.03,2.06E+06,1.64E+06,4.14E+05
3,10,7,02/06/1987,3,26.2,,,4.55E+05,0.09,,,,,6.59E+05,0.08,3.96E+06,0.11,6.59E+05,2.55E+05,4.03E+05
4,10,8.3,05/06/1987,4,34.9,5.11E+05,0.08,8.77E+05,0.04,2.42E+06,0.07,6.44E+05,0.04,1.51E+06,0.03,9.58E+06,0.03,2.15E+06,1.90E+06,2.52E+05
5,10,10,05/06/1987,3,26.2,3.44E+05,0.11,7.99E+05,0.04,2.85E+06,0.07,7.77E+05,0.04,1.84E+06,0.03,7.92E+06,0.04,2.62E+06,2.35E+06,2.66E+05
6,10,12,05/06/1987,5,43.7,3.81E+05,0.1,6.14E+05,0.05,3.12E+06,0.07,1.88E+06,0.03,4.74E+06,0.02,6.40E+06,0.04,6.61E+06,6.30E+06,3.15E+05
7,10,14.7,05/06/1987,5.5,48.0,,,5.07E+05,0.05,2.73E+06,0.07,2.06E+06,0.03,5.33E+06,0.02,4.51E+06,0.06,7.39E+06,4.45E+06,2.93E+06
8,10,17,05/06/1987,4.5,39.3,1.18E+05,0.2,3.81E+05,0.06,2.60E+06,0.07,2.37E+06,0.02,5.66E+06,0.02,3.96E+06,0.08,8.03E+06,3.67E+06,4.37E+06
9,10,20,05/06/1987,6,52.4,,,1.63E+05,0.1,2.47E+06,0.09,2.57E+06,0.02,6.11E+06,0.02,1.41E+06,0.15,8.67E+06,5.53E+06,3.15E+06
10,10,25,02/06/1987,1.6,14.0,3.33E+04,0.08,6.66E+04,0.03,5.48E+05,0.04,4.37E+05,0.01,1.21E+06,0.01,5.96E+05,0.03,1.64E+06,1.50E+06,1.41E+05
11,10,30,05/06/1987,0.9,7.9,2.96E+04,0.13,4.44E+04,0.06,5.07E+05,0.05,4.85E+05,0.02,1.35E+06,0.01,5.85E+05,0.04,1.83E+06,1.65E+06,1.81E+05
12,10,37.5,05/06/1987,0.35,3.1,2.96E+04,0.07,7.40E+04,0.02,2.66E+05,0.05,1.41E+05,0.02,3.77E+05,0.01,7.22E+05,0.02,5.18E+05,4.37E+05,8.14E+04
13,10,45,05/06/1987,0.25,2.2,1.85E+04,0.08,3.33E+04,0.04,1.89E+05,0.05,8.51E+04,0.02,2.37E+05,0.01,3.77E+05,0.03,3.22E+05,2.89E+05,3.33E+04
14,10,52.5,05/06/1987,0.2,1.7,7.40E+03,0.15,1.85E+04,0.06,1.04E+05,0.08,1.07E+05,0.02,2.85E+05,0.01,2.07E+05,0.04,3.92E+05,3.52E+05,4.07E+04
15,10,60,05/06/1987,0.08,0.7,,,2.22E+04,0.08,4.81E+04,0.27,1.48E+04,0.14,7.77E+04,0.04,1.55E+05,0.09,9.25E+04,8.88E+04,3.70E+03
16,20,5,02/06/1987,4,34.9,5.00E+05,0.08,9.81E+05,0.04,2.77E+06,0.07,7.81E+05,0.04,1.95E+06,0.03,9.92E+06,0.03,2.73E+06,2.47E+06,2.60E+05
17,20,6,02/06/1987,2.5,21.8,4.48E+05,0.09,9.66E+05,0.04,2.58E+06,0.07,6.33E+05,0.05,1.63E+06,0.03,9.07E+06,0.03,2.26E+06,2.20E+06,6.29E+04
18,20,7,02/06/1987,2.5,21.8,2.07E+05,0.03,5.00E+05,0.01,1.15E+06,0.03,2.63E+05,0.02,7.84E+05,0.01,4.48E+06,0.01,1.05E+06,1.05E+06,
19,20,8.3,02/06/1987,2,17.5,1.81E+05,0.04,3.96E+05,0.02,8.58E+05,0.04,4.37E+05,0.01,1.51E+06,0.01,4.66E+06,0.01,1.95E+06,1.60E+06,3.52E+05
20,20,10,04/06/1987,1.8,15.7,1.63E+05,0.08,2.92E+05,0.04,9.66E+05,0.09,2.26E+05,0.05,5.29E+05,0.03,3.42E+06,0.02,7.55E+05,6.70E+05,8.51E+04
21,20,12,04/06/1987,3.8,33.2,3.15E+05,0.1,6.40E+05,0.04,2.52E+06,0.07,9.07E+05,0.04,2.12E+06,0.03,6.29E+06,0.04,3.03E+06,2.42E+06,6.14E+05
22,20,14.7,02/06/1987,8,69.8,3.74E+05,0.1,6.62E+05,0.05,2.94E+06,0.08,2.64E+06,0.02,6.66E+06,0.01,6.36E+06,0.05,9.30E+06,7.24E+06,2.06E+06
23,20,17,02/06/1987,18,157.1,3.70E+05,0.12,5.85E+05,0.06,5.74E+06,0.06,6.96E+06,0.01,1.66E+07,0.01,6.22E+06,0.06,2.35E+07,2.35E+07,
24,20,20,02/06/1987,5,43.7,6.66E+04,0.28,2.15E+05,0.08,2.11E+06,0.09,2.66E+06,0.02,6.40E+06,0.01,2.19E+06,0.1,9.06E+06,9.06E+06,
25,20,25,02/06/1987,4,34.9,8.14E+04,0.21,1.59E+05,0.1,1.14E+06,0.13,1.54E+06,0.03,3.74E+06,0.02,1.50E+06,0.11,5.27E+06,5.09E+06,1.81E+05
26,20,30,02/06/1987,0.8,7.0,2.44E+04,0.08,5.55E+04,0.03,2.59E+05,0.05,2.63E+05,0.01,6.59E+05,0.01,5.55E+05,0.03,9.21E+05,5.92E+05,3.29E+05
27,20,37.5,05/06/1987,0.4,3.5,3.33E+04,0.1,6.29E+04,0.04,3.63E+05,0.07,1.33E+05,0.03,3.48E+05,0.02,6.33E+05,0.03,4.81E+05,4.44E+05,3.70E+04
28,20,45,05/06/1987,0.18,1.6,4.44E+04,0.11,7.33E+04,0.05,2.89E+05,0.1,9.25E+04,0.05,2.37E+05,0.03,8.62E+05,0.03,3.29E+05,3.07E+05,2.22E+04
29,20,52.5,05/06/1987,0.08,0.7,,,1.48E+04,0.06,6.29E+04,0.09,2.22E+04,0.04,5.92E+04,0.03,1.59E+05,0.04,8.14E+04,7.77E+04,3.70E+03
30,20,60,05/06/1987,0.1,0.9,,,1.11E+04,0.06,5.55E+04,0.09,2.22E+04,0.04,5.92E+04,0.03,1.33E+05,0.05,8.14E+04,5.92E+04,2.22E+04
31,30,5,02/06/1987,6,52.4,7.59E+05,0.07,1.70E+06,0.03,5.62E+06,0.05,8.10E+05,0.04,2.28E+06,0.03,1.54E+07,0.02,3.09E+06,2.36E+06,7.36E+05
32,30,6,02/06/1987,5,43.7,5.48E+05,0.08,1.33E+06,0.03,3.43E+06,0.07,7.77E+05,0.04,2.17E+06,0.03,1.28E+07,0.03,2.95E+06,1.13E+06,1.82E+06
33,30,7,02/06/1987,3.8,33.2,4.55E+05,0.08,8.92E+05,0.04,3.26E+06,0.06,4.74E+05,0.05,1.32E+06,0.03,8.70E+06,0.03,1.80E+06,1.73E+06,6.66E+04
34,30,8.3,02/06/1987,4,34.9,1.85E+05,0.03,4.77E+05,0.01,1.44E+06,0.02,2.52E+05,0.02,8.51E+05,0.01,4.88E+05,0.01,1.10E+06,1.07E+06,2.96E+04
35,30,10,04/06/1987,2.4,21.0,2.74E+05,0.11,6.33E+05,0.04,2.01E+06,0.08,4.85E+05,0.05,1.29E+06,0.03,5.92E+06,0.04,1.77E+06,1.31E+06,4.59E+05
36,30,12,,,,,,,,,,,,,,,,,,
37,30,14.7,02/06/1987,5,43.7,2.92E+05,0.12,6.03E+05,0.04,3.12E+06,0.07,2.76E+06,0.02,6.73E+06,0.01,5.74E+06,0.05,9.50E+06,9.40E+06,9.62E+04
38,30,17,02/06/1987,6,52.4,1.37E+05,0.16,3.44E+05,0.06,1.82E+06,0.1,2.28E+06,0.02,5.62E+06,0.02,3.77E+06,0.06,7.91E+06,5.18E+06,2.73E+06
39,30,20,02/06/1987,5,43.7,1.59E+05,0.17,3.33E+05,0.07,3.24E+06,0.07,2.93E+06,0.02,7.03E+06,0.01,3.38E+06,0.02,9.96E+06,9.61E+06,3.59E+05
40,30,25,02/06/1987,0.6,5.2,5.55E+04,0.05,1.41E+05,0.02,4.81E+05,0.03,2.26E+05,0.01,5.81E+05,0.01,1.35E+06,0.01,8.07E+05,7.96E+05,1.11E+04
41,30,30,02/06/1987,0.35,3.1,1.48E+04,0.09,3.70E+04,0.04,1.26E+05,0.07,1.15E+05,0.02,3.11E+05,0.01,3.40E+05,0.03,4.26E+05,3.00E+05,1.26E+05
42,30,37.5,05/06/1987,0.15,1.3,,,2.96E+04,0.06,1.37E+05,0.11,6.29E+04,0.05,1.67E+05,0.03,3.40E+05,0.05,2.29E+05,2.22E+05,7.40E+03
43,30,45,05/06/1987,0.14,1.2,,,3.33E+04,0.08,1.89E+05,0.13,3.33E+04,0.1,8.14E+04,0.05,3.48E+05,0.07,1.15E+05,1.04E+05,1.11E+04
44,30,52.5,05/06/1987,0.06,0.5,,,1.48E+04,0.09,,,1.85E+04,0.09,4.44E+04,0.05,1.81E+05,0.07,6.29E+04,6.29E+04,
45,30,60,05/06/1987,0.05,0.4,7.40E+03,0.22,1.11E+04,0.13,6.66E+04,0.18,3.33E+04,0.06,8.51E+04,0.04,1.11E+05,0.1,1.18E+05,1.11E+05,7.40E+03
46,40,5,04/06/1987,4,34.9,6.88E+05,0.07,1.35E+06,0.03,4.22E+06,0.06,9.81E+05,0.04,2.45E+06,0.02,1.40E+07,0.03,3.43E+06,2.08E+06,1.34E+06
47,40,6,04/06/1987,4,34.9,5.25E+05,0.11,9.51E+05,0.05,3.57E+06,0.1,6.48E+05,0.08,1.79E+06,0.04,1.32E+07,0.04,2.43E+06,1.75E+06,6.81E+05
48,40,7,04/06/1987,3.5,30.6,5.51E+05,0.05,8.99E+05,0.02,2.39E+06,0.08,5.14E+05,0.04,1.40E+06,0.02,1.14E+07,0.02,1.92E+06,1.35E+06,5.70E+05
49,40,8.3,02/06/1987,1.8,15.7,1.37E+05,0.03,3.15E+05,0.01,7.96E+05,0.03,1.89E+05,0.02,5.22E+05,0.01,3.21E+06,0.01,7.10E+05,7.10E+05,
50,40,10,02/06/1987,2.8,24.4,2.63E+05,0.12,5.22E+05,0.05,2.52E+06,0.07,7.59E+05,0.04,1.84E+06,0.03,5.18E+06,0.05,2.60E+06,2.60E+06,
51,40,12,04/06/1987,1.4,12.2,,,3.37E+05,0.06,1.62E+06,0.1,8.07E+05,0.04,1.96E+06,0.03,3.11E+06,0.07,2.76E+06,2.16E+06,6.07E+05
52,40,14.7,02/06/1987,2,17.5,5.92E+04,0.07,1.41E+05,0.02,7.22E+05,0.04,5.33E+05,0.01,1.52E+06,0.01,1.66E+06,0.02,2.05E+06,1.22E+06,8.25E+05
53,40,17,02/06/1987,8,69.8,,,1.85E+05,0.09,1.65E+06,0.1,1.78E+06,0.03,4.29E+06,0.02,1.74E+06,0.11,6.08E+06,5.61E+06,4.70E+05
54,40,20,02/06/1987,2,17.5,4.07E+04,0.07,9.99E+04,0.03,5.99E+05,0.03,4.88E+05,0.01,1.25E+06,0.01,1.01E+06,0.02,1.74E+06,1.68E+06,6.29E+04
55,40,25,02/06/1987,0.25,2.2,3.70E+04,0.06,8.51E+04,0.02,3.18E+05,0.04,1.81E+05,0.02,4.74E+05,0.01,7.18E+05,0.02,6.55E+05,4.63E+05,1.92E+05
56,40,30,02/06/1987,0.1,0.9,7.40E+03,0.13,1.48E+04,0.05,5.18E+04,0.1,1.48E+04,0.07,4.44E+04,0.03,2.11E+05,0.03,5.92E+04,3.70E+04,2.22E+04
57,40,37.5,05/06/1987,0.04,0.3,,,7.40E+03,0.09,3.70E+04,0.13,1.48E+04,0.06,4.81E+04,0.03,9.25E+04,0.06,6.29E+04,5.81E+04,4.81E+03
58,40,45,,,,,,,,,,,,,,,,,,
59,40,52.5,05/06/1987,0.015,0.1,3.70E+03,0.15,7.40E+03,0.06,1.48E+04,0.14,3.70E+03,0.08,1.48E+04,0.05,4.81E+04,0.08,1.85E+04,1.48E+04,3.70E+03
60,40,60,05/06/1987,0.03,0.3,,,7.40E+03,0.15,,,,,2.59E+04,0.08,9.25E+04,0.12,2.59E+04,2.33E+04,2.59E+03
61,50,5,04/06/1987,3.5,30.6,6.07E+05,0.07,9.47E+05,0.04,2.84E+06,0.07,5.85E+05,0.05,1.47E+06,0.03,9.69E+06,0.03,2.05E+06,1.62E+06,4.37E+05
62,50,6,04/06/1987,2.9,25.3,5.55E+05,0.15,8.73E+05,0.08,3.27E+06,0.16,1.85E+05,0.4,1.89E+06,0.05,1.07E+07,0.06,2.08E+06,9.36E+05,1.14E+06
63,50,7,04/06/1987,2.2,19.2,1.89E+05,0.04,3.89E+05,0.02,1.18E+06,0.03,1.96E+05,0.03,5.11E+05,0.02,5.07E+06,0.01,7.07E+05,7.07E+05,
64,50,8.3,02/06/1987,2,17.5,1.96E+05,0.03,4.55E+05,0.01,1.02E+06,0.03,2.66E+05,0.02,7.55E+05,0.01,6.48E+06,0.01,1.02E+06,8.58E+05,1.63E+05
65,50,10,04/06/1987,1.2,10.5,2.07E+05,0.07,4.00E+05,0.03,1.41E+06,0.06,2.33E+05,0.05,6.25E+05,0.03,4.33E+06,0.02,8.58E+05,2.52E+05,6.07E+05
66,50,12,04/06/1987,1.3,11.3,1.18E+05,0.13,3.59E+05,0.03,2.18E+06,0.05,5.99E+05,0.03,1.46E+06,0.02,4.22E+06,0.02,2.06E+06,1.98E+06,7.77E+04
67,50,14.7,02/06/1987,1.4,12.2,1.37E+05,0.12,2.18E+05,0.06,9.88E+05,0.08,4.29E+05,0.04,9.77E+05,0.03,2.99E+06,0.04,1.41E+06,1.21E+06,1.92E+05
68,50,17,02/06/1987,25,218.3,,,2.29E+05,0.09,1.51E+06,0.1,2.05E+06,0.02,4.77E+06,0.02,2.11E+06,0.11,6.82E+06,4.40E+06,2.42E+06
69,50,20,,,,,,,,,,,,,,,,,,
70,50,25,05/06/1987,0.16,1.4,,,1.11E+04,0.07,6.29E+04,0.09,1.11E+04,0.07,3.33E+04,0.04,1.33E+05,0.05,4.44E+04,3.63E+04,8.14E+03
71,50,30,,,,,,,,,,,,,,,,,,
72,50,37.5,05/06/1987,0.05,0.4,,,7.40E+03,0.1,8.51E+04,0.09,2.96E+04,0.05,8.14E+04,0.03,7.03E+04,0.09,1.11E+05,1.05E+05,5.92E+03
73,50,45,05/06/1987,0.02,0.2,,,3.70E+03,0.07,2.22E+04,0.11,7.40E+03,0.07,1.85E+04,0.04,5.55E+04,0.06,2.59E+04,2.33E+04,2.59E+03
74,50,52.5,05/06/1987,0.04,0.3,,,,,,,,,3.70E+03,0.26,2.59E+04,0.37,3.70E+03,1.11E+03,2.59E+03
75,50,60,05/06/1987,0.04,0.3,3.70E+03,0.16,7.40E+03,0.07,4.07E+04,0.12,1.11E+04,0.07,2.96E+04,0.04,1.30E+05,0.05,4.07E+04,3.96E+04,1.11E+03
76,60,5,04/06/1987,4.5,39.3,7.03E+05,0.07,1.12E+06,0.03,5.00E+06,0.05,7.22E+05,0.05,1.89E+06,0.03,1.58E+07,0.02,2.61E+06,1.99E+06,6.22E+05
77,60,6,04/06/1987,4,34.9,2.26E+05,0.03,4.44E+05,0.01,1.19E+06,0.03,2.26E+05,0.02,6.81E+05,0.01,5.33E+06,0.01,9.07E+05,2.59E+05,6.48E+05
78,60,7,04/06/1987,2.2,19.2,3.22E+05,0.1,6.70E+05,0.04,1.95E+06,0.09,3.77E+06,0.06,1.11E+06,0.04,6.81E+06,0.04,4.88E+06,4.88E+06,
79,60,8.3,04/06/1987,2,17.5,3.59E+05,0.05,6.29E+05,0.03,1.74E+06,0.07,3.81E+05,0.04,9.92E+05,0.02,7.18E+06,0.02,1.37E+06,1.30E+06,7.40E+04
80,60,10,04/06/1987,0.6,5.2,,,1.41E+05,0.05,5.22E+05,0.11,3.70E+04,0.22,2.11E+05,0.05,1.64E+06,0.03,2.48E+05,1.63E+05,8.51E+04
81,60,12,04/06/1987,0.7,6.1,9.62E+04,0.11,2.33E+05,0.04,1.02E+06,0.07,1.59E+05,0.06,4.59E+05,0.03,2.75E+06,0.03,6.18E+05,4.22E+05,1.96E+05
82,60,14.7,04/06/1987,0.5,4.4,9.25E+04,0.12,,,,,2.37E+05,0.04,5.62E+05,0.03,1.87E+06,0.03,7.99E+05,7.10E+05,8.88E+04
83,60,17,04/06/1987,1.3,11.3,,,1.07E+05,0.07,6.59E+05,0.11,7.10E+05,0.02,1.82E+06,0.02,1.29E+06,0.06,2.53E+06,2.13E+06,4.03E+05
84,60,20,,,,,,,,,,,,,,,,,,
85,60,25,02/06/1987,1.8,15.7,,,,,,,2.55E+05,0.13,1.08E+06,0.05,,,1.34E+06,1.33E+06,7.40E+03
86,60,30,,,,,,,,,,,,,,,,,,
87,60,37.5,05/06/1987,0.05,0.4,,,7.40E+03,0.14,4.81E+04,0.15,2.96E+04,0.06,7.03E+04,0.04,7.03E+04,0.11,9.99E+04,9.21E+04,7.77E+03
88,60,45,05/06/1987,0.25,2.2,,,3.70E+03,0.14,,,1.85E+04,0.06,5.55E+04,0.03,5.18E+04,0.13,7.40E+04,5.55E+04,1.85E+04
89,60,52.5,05/06/1987,0.02,0.2,,,7.40E+03,0.22,3.70E+04,0.38,1.48E+04,0.14,2.22E+04,0.11,0.00E+00,,3.70E+04,2.96E+04,7.40E+03
90,60,60,05/06/1987,0.02,0.2,,,3.70E+03,0.15,,,,,7.40E+03,0.16,0.00E+00,,7.40E+03,5.18E+03,2.22E+03
91,70,5,03/06/1987,5,43.7,6.44E+05,0.06,1.11E+06,0.03,4.00E+06,0.05,6.66E+05,0.04,1.75E+06,0.02,1.52E+07,0.02,2.41E+06,1.35E+06,1.07E+06
92,70,6,15/05/1987,3.8,33.2,1.18E+05,7.3,2.70E+05,0.01,5.74E+05,0.03,1.07E+05,0.02,3.11E+05,0.01,2.18E+06,0.01,4.18E+05,4.18E+05,
93,70,7,04/06/1987,2.5,21.8,1.22E+05,0.06,3.55E+05,0.02,1.14E+06,0.04,1.67E+05,0.04,6.85E+05,0.01,4.14E+06,0.01,8.51E+05,5.59E+05,2.92E+05
94,70,8.3,04/06/1987,1.8,15.7,1.22E+05,0.15,4.48E+05,0.03,1.47E+06,0.06,2.29E+05,0.05,6.77E+05,0.03,5.07E+06,0.02,9.07E+05,7.70E+05,1.36E+05
95,70,10,05/06/1987,0.75,6.5,1.89E+05,0.05,3.77E+05,0.02,1.41E+06,0.04,2.41E+05,0.03,6.11E+05,0.02,4.37E+06,0.01,8.51E+05,7.07E+05,1.44E+05
96,70,12,04/06/1987,0.6,5.2,7.77E+04,0.06,1.52E+05,0.03,3.77E+05,0.05,8.14E+04,0.04,2.29E+05,0.02,1.62E+06,0.02,3.11E+05,2.44E+05,6.66E+04
97,70,14.7,05/06/1987,0.3,2.6,8.14E+04,0.08,1.44E+05,0.04,5.33E+05,0.07,1.04E+05,0.05,2.41E+05,0.03,1.66E+06,0.02,3.44E+05,3.07E+05,3.70E+04
98,70,17,02/06/1987,0.16,1.4,2.59E+04,0.2,5.92E+04,0.06,2.22E+05,0.05,2.59E+04,0.05,8.14E+04,,5.70E+05,0.02,1.07E+05,2.59E+04,8.14E+04
99,70,20,,,,,,,,,,,,,,,,,,
100,70,25,02/06/1987,0.4,3.5,,,2.22E+04,0.06,1.92E+05,0.06,2.48E+05,0.01,7.14E+05,0.01,1.92E+05,0.05,9.62E+05,7.55E+05,2.07E+05
101,70,30,,,,,,,,,,,,,,,,,,
102,70,37.5,05/06/1987,0.03,0.3,3.70E+03,0.17,1.11E+04,0.07,4.81E+04,0.1,1.48E+04,0.05,4.44E+04,0.03,1.15E+05,0.05,5.92E+04,5.00E+04,9.25E+03
103,70,45,05/06/1987,0.05,0.4,,,,,6.29E+04,0.12,5.18E+04,0.04,1.30E+05,0.03,5.92E+04,0.12,1.81E+05,1.70E+05,1.11E+04
104,70,52.5,05/06/1987,0.03,0.3,,,3.70E+03,0.14,2.22E+04,0.16,1.11E+04,0.07,2.96E+04,0.04,4.44E+04,0.11,4.07E+04,2.59E+04,1.48E+04
105,70,60,05/06/1987,0.03,0.3,,,3.70E+03,0.11,1.48E+04,0.14,3.70E+03,0.07,1.48E+04,0.04,2.59E+04,0.11,1.85E+04,1.70E+04,1.48E+03
106,80,5,05/06/1987,3,26.2,3.63E+05,0.1,8.99E+05,0.04,3.26E+06,0.06,6.11E+05,0.05,1.58E+06,0.03,7.84E+06,0.04,2.19E+06,1.72E+06,4.63E+05
107,80,6,02/06/1987,1.5,13.1,1.30E+05,0.03,2.96E+05,0.01,9.73E+05,0.03,1.81E+05,0.02,5.59E+05,0.01,2.82E+06,0.01,7.40E+05,6.92E+05,4.81E+04
108,80,7,04/06/1987,0.5,4.4,1.07E+05,0.04,2.41E+05,0.02,7.88E+05,0.03,1.96E+05,0.02,5.66E+05,0.01,2.66E+06,0.01,7.62E+05,4.66E+05,2.96E+05
109,80,8.3,04/06/1987,0.75,6.5,8.88E+04,0.05,1.67E+05,0.02,5.51E+05,0.04,1.15E+05,0.03,3.11E+05,0.02,1.76E+06,0.02,4.26E+05,3.44E+05,8.14E+04
110,80,10,04/06/1987,0.5,4.4,5.92E+04,0.06,1.33E+05,0.03,5.03E+05,0.05,1.22E+05,0.03,3.03E+05,0.02,1.47E+06,0.02,4.26E+05,4.11E+05,1.48E+04
111,80,12,04/06/1987,0.3,2.6,7.40E+04,0.13,1.11E+05,0.06,3.26E+05,0.15,1.33E+05,0.06,3.26E+05,0.04,1.41E+06,0.04,4.59E+05,3.11E+05,1.48E+05
112,80,14.7,03/06/1987,0.12,1.0,5.18E+04,0.06,8.51E+04,0.03,3.55E+05,0.05,7.03E+04,0.04,2.04E+05,0.02,1.04E+06,0.02,2.74E+05,2.59E+05,1.48E+04
113,80,17,03/06/1987,0.12,1.0,2.96E+04,0.07,5.92E+04,0.03,2.37E+05,0.05,4.81E+04,0.03,1.30E+05,0.02,5.70E+05,0.02,1.78E+05,1.74E+05,3.70E+03
114,80,20,02/06/1987,0.14,1.2,2.22E+04,0.08,4.81E+04,0.03,2.26E+05,0.05,3.70E+04,0.04,1.07E+05,0.02,5.33E+05,0.02,1.44E+05,1.18E+05,2.59E+04
115,80,25,02/06/1987,0.1,0.9,1.85E+04,0.08,3.33E+04,0.04,1.07E+05,0.07,2.96E+04,0.04,8.51E+04,0.02,3.48E+05,0.03,1.15E+05,1.04E+05,1.11E+04
116,80,30,03/06/1987,0.07,0.6,1.48E+04,0.1,2.59E+04,0.04,1.37E+05,0.06,2.96E+04,0.04,8.51E+04,0.02,2.92E+05,0.03,1.15E+05,8.99E+04,2.48E+04
117,80,37.5,05/06/1987,0.04,0.3,1.11E+04,0.14,1.11E+04,0.09,4.44E+04,0.18,1.48E+04,0.11,5.18E+04,0.04,1.15E+05,0.1,6.66E+04,5.18E+04,1.48E+04
118,80,45,08/06/1987,0.025,0.2,,,3.70E+03,0.13,3.70E+04,0.12,3.33E+04,0.04,8.88E+04,0.02,7.03E+04,0.08,1.22E+05,1.15E+05,7.40E+03
119,80,52.5,08/06/1987,0.05,0.4,3.70E+03,0.25,3.70E+03,0.1,2.96E+04,0.13,7.40E+03,0.08,2.59E+04,0.04,5.55E+04,0.09,3.33E+04,1.85E+04,1.48E+04
120,80,60,08/06/1987,0.03,0.3,,,,,,,7.40E+03,0.25,1.48E+04,0.17,0.00E+00,,2.22E+04,1.85E+04,3.70E+03
121,90,5,05/06/1987,3,26.2,1.70E+05,0.05,4.03E+05,0.02,9.84E+05,0.04,2.29E+05,0.02,6.70E+05,0.01,7.84E+06,0.04,8.99E+05,6.70E+05,2.29E+05
122,90,6,04/06/1987,2,17.5,1.26E+05,0.06,4.11E+04,0.01,8.47E+05,0.04,2.66E+05,0.02,6.48E+05,0.01,2.82E+06,0.01,9.14E+05,8.51E+05,6.29E+04
123,90,7,04/06/1987,1,8.7,6.66E+04,0.04,1.41E+05,0.02,3.85E+05,0.04,7.40E+04,0.03,1.96E+05,0.02,2.66E+06,0.01,2.70E+05,2.26E+05,4.44E+04
124,90,8.3,04/06/1987,1,8.7,2.66E+05,0.07,4.18E+05,0.03,2.83E+06,0.04,3.00E+05,0.04,8.33E+05,0.02,1.76E+06,0.02,1.13E+06,9.14E+05,2.18E+05
125,90,10,04/06/1987,0.8,7.0,4.07E+04,0.12,1.81E+05,0.02,6.88E+05,0.04,1.26E+05,0.03,3.66E+05,0.02,1.47E+06,0.02,4.92E+05,3.44E+05,1.48E+05
126,90,12,04/06/1987,0.5,4.4,1.07E+05,0.12,2.26E+05,0.04,4.74E+06,0.03,1.52E+05,0.07,5.11E+05,0.03,2.36E+06,0.04,6.62E+05,5.40E+05,1.22E+05
127,90,14.7,02/06/1987,0.2,1.7,4.81E+04,0.05,8.88E+04,0.02,3.44E+05,0.04,5.92E+04,0.03,1.63E+05,0.02,1.10E+06,0.01,2.22E+05,1.96E+05,2.59E+04
128,90,17,03/06/1987,0.18,1.6,4.81E+04,0.07,9.62E+04,0.03,3.59E+05,0.05,8.14E+04,0.03,1.92E+05,0.02,1.07E+06,0.02,2.74E+05,2.59E+05,1.48E+04
129,90,20,03/06/1987,0.14,1.2,2.96E+04,0.06,5.92E+04,0.03,2.00E+05,0.05,3.70E+04,0.04,1.11E+05,0.02,5.88E+05,0.02,1.48E+05,1.04E+05,4.44E+04
130,90,25,03/06/1987,0.12,1.0,1.11E+04,0.11,2.59E+04,0.04,9.62E+04,0.07,2.22E+04,0.04,6.29E+04,0.03,2.78E+05,0.03,8.51E+04,5.92E+04,2.59E+04
131,90,30,03/06/1987,0.06,0.5,7.40E+03,0.15,1.11E+04,0.07,7.03E+04,0.09,1.85E+04,0.05,5.18E+04,0.03,1.30E+05,0.05,7.03E+04,6.22E+04,8.14E+03
132,90,37.5,08/06/1987,0.08,0.7,,,7.40E+02,0.19,7.40E+03,0.2,3.70E+03,0.09,7.40E+03,0.06,7.40E+03,0.28,1.11E+04,7.40E+03,3.70E+03
133,90,45,08/06/1987,0.07,0.6,,,1.48E+04,0.13,,,1.85E+04,0.13,4.07E+04,0.08,1.89E+05,0.09,5.92E+04,4.81E+04,1.11E+04
134,90,52.5,,,,,,,,,,,,,,,,,,
135,90,60,08/06/1987,0.02,0.2,,,,,1.85E+04,0.44,7.40E+03,0.26,,,,,7.40E+03,5.92E+03,1.48E+03
136,100,5,05/06/1987,2.5,21.8,3.89E+05,0.09,8.14E+05,0.04,3.24E+06,0.06,6.81E+05,0.04,1.65E+06,0.03,9.77E+06,0.03,2.33E+06,2.06E+06,2.66E+05
137,100,6,04/06/1987,2,17.5,1.52E+05,0.05,3.59E+05,0.02,1.00E+06,0.04,1.41E+05,0.03,4.66E+05,0.02,3.17E+06,0.01,6.07E+05,4.27E+05,1.80E+05
138,100,7,04/06/1987,3,26.2,1.85E+05,0.04,4.03E+05,0.02,1.21E+06,0.04,2.29E+05,0.03,7.10E+05,0.01,4.51E+06,0.01,9.40E+05,6.70E+05,2.70E+05
139,100,8.3,04/06/1987,1.6,14.0,1.41E+05,0.05,3.18E+05,0.02,9.51E+05,0.04,2.37E+05,0.02,6.48E+05,0.01,3.24E+06,0.01,8.84E+05,8.44E+05,4.07E+04
140,100,10,04/06/1987,0.8,7.0,1.52E+05,0.06,3.11E+05,0.03,1.18E+06,0.05,2.11E+05,0.04,5.11E+05,0.02,3.74E+06,0.02,7.22E+05,3.11E+05,4.11E+05
141,100,12,04/06/1987,0.5,4.4,1.26E+05,0.1,2.52E+05,0.04,8.62E+05,0.07,1.81E+05,0.05,4.40E+05,0.03,2.97E+06,0.03,6.22E+05,6.22E+05,
142,100,14.7,03/06/1987,0.16,1.4,1.07E+05,0.04,1.96E+05,0.02,7.47E+05,0.03,1.33E+05,0.03,3.59E+05,0.01,2.36E+06,0.01,4.92E+05,4.37E+05,5.55E+04
143,100,17,03/06/1987,0.16,1.4,8.51E+04,0.05,1.55E+05,0.02,6.03E+05,0.04,1.18E+05,0.03,3.03E+05,0.02,2.01E+06,0.01,4.22E+05,3.89E+05,3.33E+04
144,100,20,03/06/1987,0.1,0.9,1.48E+04,0.09,3.70E+04,0.04,1.22E+05,0.07,3.33E+04,0.04,8.51E+04,0.02,3.89E+05,0.03,1.18E+05,1.04E+05,1.48E+04
145,100,25,03/06/1987,0.08,0.7,1.48E+04,0.13,2.96E+04,0.05,,,4.44E+04,0.05,1.07E+05,0.03,3.11E+05,0.04,1.52E+05,5.55E+04,9.62E+04
146,100,30,03/06/1987,0.05,0.4,7.40E+03,0.13,1.85E+04,0.05,5.55E+04,0.1,1.85E+04,0.05,4.81E+04,0.03,2.18E+05,0.04,6.66E+04,4.81E+04,1.85E+04
147,100,37.5,05/06/1987,0.025,0.2,,,7.40E+03,0.07,,,3.70E+03,0.11,1.85E+04,0.04,7.33E+04,0.06,2.22E+04,2.07E+04,1.48E+03
148,100,45,05/06/1987,0.03,0.3,3.70E+03,0.19,1.11E+04,0.06,3.70E+04,0.13,1.11E+04,0.08,2.96E+04,0.04,1.41E+05,0.05,4.07E+04,3.77E+04,2.96E+03
149,100,52.5,05/06/1987,0.03,0.3,,,7.40E+03,0.05,1.48E+04,0.11,3.70E+03,0.07,1.11E+04,0.04,5.55E+04,0.05,1.48E+04,1.11E+04,3.70E+03
150,100,60,05/06/1987,0.025,0.2,,,3.70E+03,0.26,,,,,,,4.07E+04,0.2,,,
151,110,5,,,,,,,,,,,,,,,,,,
152,110,6,,,,,,,,,,,,,,,,,,
153,110,7,02/06/1987,1,8.7,1.74E+05,0.03,4.03E+05,0.01,1.09E+06,0.03,2.26E+05,0.02,5.74E+05,0.01,4.63E+06,0.01,7.99E+05,6.92E+05,1.07E+05
154,110,8.3,04/06/1987,0.9,7.9,1.15E+05,0.05,2.18E+05,0.02,5.92E+05,0.04,1.15E+05,0.03,3.26E+05,0.02,2.30E+06,0.02,4.40E+05,4.11E+05,2.96E+04
155,110,10,04/06/1987,0.8,7.0,1.30E+05,0.09,2.33E+05,0.04,1.14E+06,0.07,1.41E+05,0.07,4.33E+05,0.03,2.80E+06,0.03,5.74E+05,5.00E+05,7.33E+04
156,110,12,04/06/1987,0.01,0.1,2.59E+04,0.15,5.55E+04,0.06,1.44E+05,0.15,3.70E+04,0.09,1.07E+05,0.05,6.51E+05,0.04,1.44E+05,1.15E+05,2.96E+04
157,110,14.7,03/06/1987,0.12,1.0,1.85E+04,0.08,3.33E+04,0.04,8.51E+04,0.08,2.59E+04,0.04,6.66E+04,0.03,3.18E+05,0.03,9.25E+04,7.73E+04,1.52E+04
158,110,17,03/06/1987,0.2,1.7,5.55E+04,0.05,1.15E+05,0.02,3.44E+05,0.04,7.77E+04,0.03,2.07E+05,0.02,1.25E+06,0.02,2.85E+05,2.78E+05,7.40E+03
159,110,20,03/06/1987,0.1,0.9,2.22E+04,0.08,5.92E+04,0.03,1.96E+05,0.05,3.33E+04,0.04,8.51E+04,0.03,7.36E+05,0.02,1.18E+05,8.51E+04,3.33E+04
160,110,25,03/06/1987,0.06,0.5,1.11E+04,0.11,2.59E+04,0.04,9.25E+04,0.07,1.85E+04,0.05,5.18E+04,0.03,2.41E+05,0.03,7.03E+04,6.29E+04,7.40E+03
161,110,30,03/06/1987,0.07,0.6,7.40E+03,0.14,1.85E+04,0.06,2.22E+04,0.2,1.48E+04,0.06,3.33E+04,0.05,1.96E+05,0.04,4.81E+04,2.96E+04,1.85E+04
162,110,37.5,05/06/1987,0.06,0.5,,,1.11E+04,0.07,3.33E+04,0.12,1.48E+04,0.06,4.81E+04,0.03,9.99E+04,0.07,6.29E+04,5.92E+04,3.70E+03
163,110,45,05/06/1987,0.02,0.2,,,7.40E+03,0.08,,,3.70E+03,0.11,1.11E+04,0.07,8.14E+04,0.07,1.48E+04,1.15E+04,3.33E+03
164,110,52.5,05/06/1987,0.05,0.4,3.70E+03,0.13,1.11E+04,0.05,4.07E+04,0.08,7.40E+03,0.06,2.22E+04,0.03,1.15E+05,0.04,2.96E+04,2.22E+04,7.40E+03
165,110,60,05/06/1987,0.01,0.1,,,3.70E+03,0.09,,,7.40E+03,0.08,1.11E+04,0.07,5.92E+04,0.1,1.85E+04,1.74E+04,1.11E+03
166,120,5,,,,,,,,,,,,,,,,,,
167,120,6,02/06/1987,1,8.7,1.33E+05,0.04,3.26E+05,0.01,1.09E+06,0.02,1.63E+05,0.02,5.40E+05,0.01,3.09E+06,0.01,7.03E+05,6.73E+05,2.96E+04
168,120,7,04/06/1987,0.8,7.0,9.62E+04,0.05,2.11E+05,0.02,7.55E+05,0.04,1.22E+05,0.03,3.74E+05,0.02,2.43E+06,0.01,4.96E+05,4.59E+05,3.70E+04
169,120,8.3,04/06/1987,0.5,4.4,9.62E+04,0.06,2.04E+05,0.02,5.25E+05,0.05,1.04E+05,0.03,2.70E+05,0.02,2.22E+06,0.02,3.74E+05,3.37E+05,3.70E+04
170,120,10,04/06/1987,0.01,0.1,4.07E+04,0.06,9.99E+04,0.02,3.18E+05,0.04,5.18E+04,0.03,1.44E+05,0.02,9.14E+05,0.02,1.96E+05,1.33E+05,6.29E+04
171,120,12,03/06/1987,0.2,1.7,4.44E+04,0.05,9.62E+04,0.02,2.59E+05,0.04,5.18E+04,0.03,1.52E+05,0.02,9.03E+05,0.02,2.04E+05,2.04E+05,
172,120,14.7,03/06/1987,0.1,0.9,2.59E+04,0.07,5.18E+04,0.03,1.96E+05,0.05,4.07E+04,0.03,1.07E+05,0.02,5.88E+05,0.02,1.48E+05,1.22E+05,2.59E+04
173,120,17,02/06/1987,1,8.7,1.85E+04,0.08,3.70E+04,0.04,1.04E+05,0.07,2.22E+04,0.05,6.66E+04,0.03,4.03E+05,0.02,8.88E+04,5.55E+04,3.33E+04
174,120,20,05/06/1987,0.1,0.9,,,4.07E+04,0.07,1.41E+05,0.16,1.85E+04,0.15,7.03E+04,0.06,4.59E+05,0.06,8.88E+04,5.92E+04,2.96E+04
175,120,25,05/06/1987,0.025,0.2,1.11E+04,0.11,2.22E+04,0.05,5.92E+04,0.1,1.11E+04,0.06,4.07E+04,0.03,2.07E+05,0.04,5.18E+04,3.70E+04,1.48E+04
176,120,30,02/06/1987,0.05,0.4,7.40E+03,0.14,1.85E+04,0.05,5.18E+04,0.11,1.11E+04,0.08,3.70E+04,0.04,2.00E+05,0.04,4.81E+04,4.81E+04,
177,120,37.5,,,,,,,,,,,,,,,,,,
178,120,45,05/06/1987,0.05,0.4,1.48E+04,0.12,2.22E+04,0.06,1.18E+05,0.09,1.85E+04,0.07,4.44E+04,0.04,2.52E+05,0.05,6.29E+04,5.18E+04,1.11E+04
179,120,52.5,05/06/1987,0.05,0.4,7.40E+03,0.11,1.11E+04,0.05,2.96E+04,0.09,7.40E+03,0.06,1.85E+04,0.04,1.44E+05,0.03,2.59E+04,2.22E+04,3.70E+03
180,120,60,05/06/1987,0.01,0.1,7.40E+03,0.2,1.11E+04,0.09,7.40E+03,0.85,,,2.22E+04,0.07,1.11E+05,0.08,2.22E+04,1.78E+04,4.44E+03
181,130,5,02/06/1987,0.8,7.0,4.03E+05,0.09,9.29E+05,0.04,3.92E+06,0.05,6.11E+05,0.04,1.53E+06,0.03,9.88E+06,0.03,2.14E+06,1.40E+06,7.40E+05
182,130,6,,,,,,,,,,,,,,,,,,
183,130,7,04/06/1987,0.5,4.4,1.26E+05,0.07,2.59E+05,0.03,8.14E+05,0.06,1.33E+05,0.05,4.18E+05,0.02,2.96E+06,0.02,5.51E+05,4.88E+05,6.29E+04
184,130,8.3,04/06/1987,0.4,3.5,9.62E+04,0.07,1.63E+05,0.04,6.81E+05,0.06,1.07E+05,0.05,2.59E+05,0.03,1.80E+06,0.02,3.66E+05,3.07E+05,5.92E+04
185,130,10,04/06/1987,0.3,2.6,3.70E+04,0.08,7.40E+04,0.03,2.11E+05,0.07,5.18E+04,0.05,1.33E+05,0.03,8.07E+05,0.02,1.85E+05,1.30E+05,5.55E+04
186,130,12,,,,,,,,,,,,,,,,,,
187,130,14.7,05/06/1987,0.1,0.9,2.22E+04,0.07,4.44E+04,0.03,1.41E+05,0.06,3.70E+04,0.04,9.62E+04,0.02,5.03E+05,0.02,1.33E+05,4.81E+04,8.51E+04
188,130,17,02/06/1987,0.07,0.6,2.59E+04,0.07,4.81E+04,0.03,1.37E+05,0.06,2.96E+04,0.04,8.14E+04,0.03,5.29E+05,0.02,1.11E+05,7.40E+04,3.70E+04
189,130,20,,,,,,,,,,,,,,,,,,
190,130,25,05/06/1987,0.033,0.3,1.85E+04,0.15,3.70E+04,0.05,1.11E+05,0.11,2.22E+04,0.09,6.29E+04,0.05,3.96E+05,0.04,8.51E+04,5.92E+04,2.59E+04
191,130,30,,,,,,,,,,,,,,,,,,
192,130,37.5,,,,,,,,,,,,,,,,,,
193,130,45,05/06/1987,0.02,0.2,1.48E+04,0.12,2.96E+04,0.05,8.51E+04,0.11,2.22E+04,0.08,5.18E+04,0.04,2.78E+05,0.04,7.40E+04,5.18E+04,2.22E+04
194,130,52.5,05/06/1987,0.02,0.2,3.70E+03,0.18,7.40E+03,0.06,2.96E+04,0.11,7.40E+03,0.07,1.85E+04,0.04,9.25E+04,0.05,2.59E+04,2.22E+04,3.70E+03
195,130,60,05/06/1987,0.02,0.2,,,1.11E+04,0.11,4.44E+04,0.19,,,2.22E+04,0.08,9.62E+04,0.11,2.22E+04,2.11E+04,1.11E+03
196,140,5,,,,,,,,,,,,,,,,,,
197,140,6,,,,,,,,,,,,,,,,,,
198,140,7,,,,,,,,,,,,,,,,,,
199,140,8.3,,,,,,,,,,,,,,,,,,
200,140,10,,,,,,,,,,,,,,,,,,
201,140,12,04/06/1987,1.5,13.1,2.18E+05,0.05,3.44E+05,0.03,1.14E+06,0.06,2.18E+05,0.04,5.92E+05,0.02,4.07E+06,0.02,8.10E+05,6.11E+05,2.00E+05
202,140,14.7,04/06/1987,0.8,7.0,1.30E+05,0.05,2.37E+05,0.02,9.32E+05,0.04,1.52E+05,0.03,4.26E+05,0.02,2.53E+06,0.01,5.77E+05,4.81E+05,9.62E+04
203,140,17,04/06/1987,0.6,5.2,1.85E+05,0.06,3.55E+05,0.02,9.84E+05,0.06,1.11E+05,0.08,5.70E+05,0.02,4.18E+05,0.01,6.81E+05,5.66E+05,1.15E+05
204,140,20,,,,,,,,,,,,,,,,,,
205,140,25,,,,,,,,,,,,,,,,,,
206,140,30,04/06/1987,0.15,1.3,4.81E+04,0.17,8.88E+04,0.07,,,6.29E+04,0.09,1.59E+05,0.06,8.33E+05,0.05,2.22E+05,2.11E+05,1.11E+04
207,140,37.5,05/06/1987,0.04,0.3,7.40E+03,0.12,1.85E+04,0.05,8.88E+04,0.07,1.11E+04,0.06,3.33E+04,0.04,1.85E+05,0.04,4.44E+04,2.59E+04,1.85E+04
208,140,45,,,,,,,,,,,,,,,,,,
209,140,52.5,05/06/1987,0.03,0.3,7.40E+03,0.08,1.48E+04,0.03,5.55E+04,0.05,7.40E+03,0.05,1.85E+04,0.03,1.89E+05,0.02,2.59E+04,1.74E+04,8.51E+03
210,140,60,05/06/1987,0.04,0.3,3.70E+03,0.16,1.11E+04,0.07,4.07E+04,0.12,7.40E+03,0.08,1.85E+04,0.05,1.18E+05,0.05,2.59E+04,2.48E+04,1.11E+03
211,150,5,,,,,,,,,,,,,,,,,,
212,150,6,02/06/1987,4,34.9,9.84E+05,0.06,1.77E+06,0.03,5.99E+06,0.05,1.04E+06,0.04,2.60E+06,0.02,1.64E+07,0.02,3.63E+06,3.53E+06,1.07E+05
213,150,7,04/06/1987,3,26.2,1.01E+06,0.06,2.19E+06,0.02,7.44E+06,0.04,9.84E+05,0.04,2.59E+06,0.02,2.15E+07,0.02,3.57E+06,3.35E+06,2.18E+05
214,150,8.3,04/06/1987,3.5,30.6,5.96E+05,0.05,1.18E+06,0.02,5.14E+06,0.03,7.25E+05,0.03,1.99E+06,0.02,1.32E+07,0.01,2.71E+06,2.66E+06,4.81E+04
215,150,10,04/06/1987,1.8,15.7,2.66E+05,0.08,5.74E+05,0.03,2.11E+06,0.05,3.15E+05,0.05,7.81E+05,0.02,6.29E+06,0.02,1.10E+06,8.55E+05,2.41E+05
216,150,12,04/06/1987,1.5,13.1,1.74E+05,0.08,3.18E+05,0.04,5.59E+05,0.17,2.37E+05,0.05,6.14E+05,0.03,3.69E+06,0.02,8.51E+05,7.33E+05,1.18E+05
217,150,14.7,04/06/1987,0.3,2.6,1.85E+05,0.08,3.07E+05,0.04,1.22E+06,0.07,1.81E+05,0.06,5.29E+05,0.03,3.64E+06,0.02,7.10E+05,6.92E+05,1.85E+04
218,150,17,03/06/1987,0.2,1.7,4.44E+04,0.06,1.15E+05,0.02,3.44E+05,0.04,7.03E+04,0.03,1.96E+05,0.02,1.16E+06,0.02,2.66E+05,2.22E+05,4.44E+04
219,150,20,03/06/1987,0.2,1.7,4.44E+04,0.05,1.04E+05,0.02,3.26E+05,0.04,6.29E+04,0.03,1.78E+05,0.02,1.05E+06,0.02,2.41E+05,2.22E+05,1.85E+04
220,150,25,03/06/1987,0.07,0.6,1.85E+04,0.08,4.07E+04,0.03,1.44E+05,0.06,2.59E+04,0.04,6.66E+04,0.03,4.26E+05,0.02,9.25E+04,7.03E+04,2.22E+04
221,150,30,02/06/1987,0.12,1.0,2.96E+04,0.07,6.29E+04,0.03,2.96E+05,0.04,4.81E+04,0.04,1.41E+05,0.02,6.70E+05,0.02,1.89E+05,1.30E+05,5.92E+04
222,150,37.5,03/06/1987,0.07,0.6,,,2.59E+04,0.1,,,1.85E+04,0.14,4.44E+04,0.08,2.85E+05,0.07,6.29E+04,5.55E+04,7.40E+03
223,150,45,,,,,,,,,,,,,,,,,,
224,150,52.5,,,,,,,,,,,,,,,,,,
225,150,60,05/06/1987,0.04,0.3,7.40E+03,0.25,1.48E+04,0.08,,,3.70E+03,0.26,2.96E+04,0.07,1.07E+05,0.13,3.33E+04,3.15E+04,1.85E+03
226,160,5,04/06/1987,3.2,27.9,1.37E+05,0.04,4.88E+05,0.11,1.04E+06,0.03,2.44E+05,0.02,8.51E+05,0.01,5.03E+06,0.01,1.10E+06,9.62E+05,1.33E+05
227,160,6,04/06/1987,1.8,15.7,1.89E+05,0.14,5.07E+05,0.05,1.50E+06,0.1,2.85E+05,0.07,8.29E+05,0.04,5.37E+06,0.05,1.11E+06,8.58E+05,2.55E+05
228,160,7,05/06/1987,1.4,12.2,2.81E+05,0.05,5.11E+05,0.02,1.83E+06,0.04,4.26E+05,0.03,1.15E+06,0.01,6.03E+06,0.01,1.58E+06,1.52E+06,5.92E+04
229,160,8.3,04/06/1987,0.8,7.0,3.22E+05,0.06,5.59E+05,0.03,2.33E+06,0.05,3.59E+05,0.04,1.02E+06,0.02,6.07E+06,0.02,1.38E+06,1.01E+06,3.66E+05
230,160,10,04/06/1987,0.8,7.0,1.18E+05,0.07,2.41E+05,0.03,8.21E+05,0.06,1.33E+05,0.05,3.85E+05,0.02,2.83E+06,0.02,5.18E+05,3.26E+05,1.92E+05
231,160,12,04/06/1987,0.75,6.5,1.55E+05,0.06,2.81E+05,0.03,1.28E+06,0.04,1.81E+05,0.04,5.00E+05,0.02,3.21E+06,0.02,6.81E+05,5.03E+05,1.78E+05
232,160,14.7,05/06/1987,0.4,3.5,1.85E+04,0.09,2.96E+04,0.04,8.51E+04,0.08,2.22E+04,0.05,6.29E+04,0.03,3.89E+05,0.03,8.51E+04,5.18E+04,3.33E+04
233,160,17,05/06/1987,0.25,2.2,3.33E+04,0.15,7.40E+03,0.05,3.85E+05,0.08,5.18E+04,0.07,1.33E+05,0.04,8.14E+05,0.04,1.85E+05,1.49E+05,3.55E+04
234,160,20,02/06/1987,0.1,0.9,2.59E+04,0.07,5.92E+04,0.03,2.18E+05,0.05,3.33E+04,0.04,9.25E+04,0.02,5.66E+05,0.02,1.26E+05,1.15E+05,1.11E+04
235,160,25,02/06/1987,0.1,0.9,1.85E+04,0.08,3.70E+04,0.04,1.18E+05,0.06,2.59E+04,0.04,7.40E+04,0.03,3.70E+05,0.03,9.99E+04,5.55E+04,4.44E+04
236,160,30,02/06/1987,0.08,0.7,1.48E+04,0.11,3.33E+04,0.04,1.37E+05,0.06,1.85E+04,0.05,5.55E+04,0.03,4.11E+05,0.03,7.40E+04,5.48E+04,1.92E+04
237,160,37.5,05/06/1987,0.08,0.7,1.11E+04,0.1,1.85E+04,0.05,7.77E+04,0.08,2.59E+04,0.04,7.03E+04,0.03,2.15E+05,0.04,9.62E+04,9.07E+04,5.55E+03
238,160,45,05/06/1987,0.07,0.6,,,1.11E+04,0.11,,,3.70E+03,0.56,3.70E+04,0.07,1.55E+05,0.08,4.07E+04,3.03E+04,1.04E+04
239,160,52.5,05/06/1987,0.06,0.5,7.40E+03,0.14,1.11E+04,0.07,5.18E+04,0.1,1.48E+04,0.05,4.44E+04,0.03,1.44E+05,0.05,5.92E+04,5.18E+04,7.40E+03
240,160,60,05/06/1987,0.05,0.4,,,1.85E+04,0.12,,,1.11E+04,0.16,4.44E+04,0.08,2.22E+05,0.09,5.55E+04,4.07E+04,1.48E+04
241,170,5,05/06/1987,2.6,22.7,1.30E+05,0.06,3.44E+05,0.02,1.30E+06,0.03,2.22E+05,0.03,5.70E+05,0.02,4.92E+06,0.01,7.92E+05,5.11E+05,2.81E+05
242,170,6,04/06/1987,1.2,10.5,1.44E+05,0.06,4.55E+05,0.02,1.61E+06,0.03,2.41E+05,0.03,5.70E+05,0.02,4.03E+06,0.01,8.10E+05,6.73E+05,1.37E+05
243,170,7,,,,,,,,,,,,,,,,,,
244,170,8.3,04/06/1987,1.1,9.6,2.22E+05,0.05,3.18E+05,0.02,1.62E+06,0.03,2.04E+05,0.03,6.36E+05,0.02,3.35E+06,0.02,8.40E+05,5.37E+05,3.03E+05
245,170,10,04/06/1987,1.2,10.5,9.25E+04,0.05,1.89E+05,0.02,6.62E+05,0.04,9.99E+04,0.03,2.74E+05,0.02,1.92E+06,0.02,3.74E+05,2.74E+05,9.99E+04
246,170,12,04/06/1987,0.7,6.1,1.04E+05,0.12,2.15E+05,0.05,7.88E+05,0.04,8.51E+04,0.12,3.85E+05,,2.55E+06,0.03,4.70E+05,4.29E+05,4.07E+04
247,170,14.7,05/06/1987,0.3,2.6,3.33E+04,0.09,7.03E+04,0.04,2.18E+05,0.08,4.44E+04,0.05,1.15E+05,0.03,7.10E+05,0.03,1.59E+05,1.15E+05,4.44E+04
248,170,17,03/06/1987,0.12,1.0,4.07E+04,0.05,8.14E+04,0.02,2.96E+05,0.04,6.29E+04,0.03,1.55E+05,0.02,8.81E+05,0.02,2.18E+05,1.96E+05,2.22E+04
249,170,20,05/06/1987,0.15,1.3,3.70E+04,0.06,7.77E+04,0.03,2.63E+05,0.04,4.07E+04,0.03,1.18E+05,0.02,8.70E+05,0.02,1.59E+05,1.26E+05,3.33E+04
250,170,25,05/06/1987,0.12,1.0,4.07E+04,0.12,5.92E+04,0.06,1.44E+05,0.17,2.59E+04,0.16,1.26E+05,0.04,6.51E+05,0.04,1.52E+05,1.41E+05,1.11E+04
251,170,30,02/06/1987,0.03,0.3,1.11E+04,0.1,1.85E+04,0.05,5.92E+04,0.09,1.48E+04,0.06,4.07E+04,0.04,2.18E+05,0.04,5.55E+04,3.70E+04,1.85E+04
252,170,37.5,05/06/1987,0.06,0.5,1.48E+04,0.16,1.85E+04,0.08,5.18E+04,0.18,1.85E+04,0.1,5.18E+04,0.05,1.78E+05,0.07,7.03E+04,4.74E+04,2.29E+04
253,170,45,05/06/1987,0.05,0.4,1.48E+04,0.09,2.59E+04,0.04,2.26E+05,0.05,2.96E+04,0.04,8.14E+04,0.02,2.85E+05,0.03,1.11E+05,9.25E+04,1.85E+04
254,170,52.5,05/06/1987,0.05,0.4,7.40E+03,0.13,1.11E+04,0.07,2.59E+04,0.14,1.11E+04,0.07,2.96E+04,0.04,1.30E+05,0.05,4.07E+04,2.96E+04,1.11E+04
255,170,60,05/06/1987,0.05,0.4,7.40E+03,0.15,1.11E+04,0.07,4.07E+04,0.13,1.11E+04,0.07,2.96E+04,0.04,1.07E+05,0.06,4.07E+04,1.48E+04,2.59E+04
256,180,5,04/06/1987,2.5,21.8,1.65E+06,0.04,2.83E+06,0.02,1.12E+07,0.03,2.01E+06,0.02,5.44E+06,0.01,2.75E+07,0.01,7.44E+06,7.22E+06,2.26E+05
257,180,6,05/06/1987,1.8,15.7,2.04E+05,0.04,5.40E+05,0.01,1.13E+06,0.04,1.89E+05,0.03,6.18E+05,0.02,5.22E+06,0.01,8.07E+05,5.77E+05,2.29E+05
258,180,7,05/06/1987,1.4,12.2,,,5.66E+05,0.04,1.46E+06,0.12,1.04E+05,0.28,8.36E+05,0.04,6.66E+06,0.04,9.40E+05,5.48E+05,3.92E+05
259,180,8.3,04/06/1987,1,8.7,1.07E+05,0.06,2.81E+05,0.02,8.03E+05,0.05,1.52E+05,0.03,4.59E+05,0.02,3.01E+06,0.01,6.11E+05,4.63E+05,1.48E+05
260,180,10,04/06/1987,1,8.7,1.89E+05,0.08,3.70E+05,0.03,1.20E+06,0.07,2.07E+05,0.05,5.44E+05,0.03,3.81E+06,0.02,7.51E+05,6.88E+05,6.29E+04
261,180,12,04/06/1987,0.6,5.2,2.22E+05,0.07,4.03E+05,0.03,1.26E+06,0.07,2.81E+05,0.05,8.03E+05,0.02,4.70E+06,0.02,1.08E+06,1.08E+06,
262,180,14.7,05/06/1987,0.35,3.1,4.07E+04,0.08,9.62E+04,0.03,3.18E+05,0.06,5.18E+04,0.05,1.63E+05,0.03,9.92E+05,0.02,2.15E+05,1.74E+05,4.07E+04
263,180,17,05/06/1987,0.3,2.6,4.07E+04,0.08,8.51E+04,0.03,4.66E+05,0.05,8.14E+04,0.03,2.18E+05,0.02,9.51E+05,0.02,3.00E+05,2.37E+05,6.29E+04
264,180,20,02/06/1987,0.12,1.0,2.22E+04,0.07,3.70E+04,0.04,1.18E+05,0.07,1.85E+04,0.05,5.18E+04,0.03,3.89E+05,0.03,7.03E+04,7.03E+04,
265,180,25,05/06/1987,0.18,1.6,1.48E+04,0.09,2.96E+04,0.04,1.15E+05,0.06,2.22E+04,0.04,6.66E+04,0.03,3.18E+05,0.03,8.88E+04,7.77E+04,1.11E+04
266,180,30,05/06/1987,0.1,0.9,1.85E+04,0.07,3.33E+04,0.03,1.04E+05,0.06,1.11E+04,0.07,4.07E+04,0.03,3.55E+05,0.02,5.18E+04,4.07E+04,1.11E+04
267,180,37.5,05/06/1987,0.1,0.9,1.48E+04,0.1,3.33E+04,0.04,1.07E+05,0.07,2.96E+04,0.04,7.40E+04,0.03,3.85E+05,0.03,1.04E+05,8.88E+04,1.48E+04
268,180,45,05/06/1987,0.06,0.5,1.11E+04,0.11,1.85E+04,0.05,8.14E+04,0.07,1.85E+04,0.05,5.55E+04,0.03,1.67E+05,0.04,7.40E+04,7.03E+04,3.70E+03
269,180,52.5,05/06/1987,0.05,0.4,7.40E+03,0.26,1.85E+04,0.08,,,7.40E+03,0.27,4.81E+04,0.06,2.00E+05,0.06,5.55E+04,4.63E+04,9.25E+03
270,180,60,05/06/1987,0.04,0.3,,,3.70E+03,0.18,,,3.70E+03,0.33,3.33E+04,0.07,5.92E+04,0.19,3.70E+04,3.33E+04,3.70E+03
271,190,5,05/06/1987,4,34.9,3.22E+05,0.1,6.59E+05,0.05,2.70E+06,0.07,4.88E+05,0.05,1.34E+06,0.03,6.88E+06,0.04,1.82E+06,1.54E+06,2.89E+05
272,190,6,04/06/1987,1.5,13.1,1.07E+05,0.07,3.26E+05,0.02,1.16E+06,0.04,2.29E+05,0.03,6.48E+05,0.02,3.96E+06,0.01,8.77E+05,7.96E+05,8.14E+04
273,190,7,05/06/1987,1.2,10.5,3.77E+05,0.05,6.77E+05,0.02,2.56E+06,0.04,3.70E+05,0.04,1.12E+06,0.02,7.40E+06,0.02,1.49E+06,1.22E+06,2.78E+05
274,190,8.3,05/06/1987,1,8.7,1.15E+05,0.04,2.85E+05,0.01,7.77E+05,0.03,1.59E+05,0.02,4.77E+05,0.01,2.98E+06,0.01,6.36E+05,5.74E+05,6.29E+04
275,190,10,04/06/1987,0.9,7.9,1.22E+05,0.1,2.85E+05,0.4,7.92E+05,0.1,6.66E+04,0.2,5.00E+05,0.03,3.49E+06,0.02,5.66E+05,2.42E+05,3.24E+05
276,190,12,04/06/1987,0.75,6.5,9.62E+04,0.05,1.92E+05,0.02,7.14E+05,0.04,9.25E+04,0.04,2.74E+05,0.02,2.01E+06,0.02,3.66E+05,3.07E+05,5.92E+04
277,190,14.7,05/06/1987,0.4,3.5,1.07E+05,0.08,2.26E+05,0.03,8.10E+05,0.06,1.33E+05,0.05,3.89E+05,0.02,2.46E+06,0.02,5.22E+05,4.59E+05,6.29E+04
278,190,17,,,,,,,,,,,,,,,,,,
279,190,20,05/06/1987,0.28,2.4,6.66E+04,0.12,1.22E+05,0.05,3.15E+05,0.14,2.59E+04,0.23,1.74E+05,0.05,1.42E+06,0.03,2.00E+05,2.00E+05,
280,190,25,05/06/1987,0.14,1.2,3.70E+04,0.14,5.92E+04,0.06,1.96E+05,0.12,5.55E+04,0.07,1.41E+05,0.04,8.62E+05,0.04,1.96E+05,1.74E+05,2.22E+04
281,190,30,05/06/1987,0.15,1.3,6.66E+04,0.11,1.30E+05,0.05,3.37E+05,0.11,5.55E+04,0.1,1.78E+05,0.05,1.17E+06,0.04,2.33E+05,2.29E+05,3.70E+03
282,190,37.5,05/06/1987,0.06,0.5,1.11E+04,0.12,1.85E+04,0.05,9.25E+04,0.07,1.85E+04,0.05,4.81E+04,0.03,2.44E+05,0.03,6.66E+04,6.48E+04,1.85E+03
283,190,45,05/06/1987,0.05,0.4,1.11E+04,0.11,2.22E+04,0.05,8.88E+04,0.08,1.85E+04,0.06,5.18E+04,0.03,2.59E+05,0.03,7.03E+04,6.59E+04,4.44E+03
284,190,52.5,05/06/1987,0.06,0.5,,,,,8.14E+04,0.2,1.48E+04,0.13,3.70E+04,0.09,1.26E+05,0.13,5.18E+04,4.81E+04,3.70E+03
285,190,60,05/06/1987,0.03,0.3,1.11E+04,0.16,1.48E+04,0.09,,,7.40E+03,0.23,4.07E+04,0.06,1.59E+05,0.08,4.81E+04,4.11E+04,7.03E+03
286,200,5,05/06/1987,1,8.7,1.18E+05,0.05,2.44E+05,0.02,8.18E+05,0.04,1.26E+05,0.03,3.55E+05,0.02,2.96E+06,0.01,4.81E+05,3.59E+05,1.22E+05
287,200,6,05/06/1987,0.9,7.9,1.37E+05,0.05,3.03E+05,0.02,9.84E+05,0.04,1.48E+05,0.03,4.51E+05,0.02,3.58E+06,0.01,5.99E+05,4.74E+05,1.26E+05
288,200,7,05/06/1987,0.6,5.2,7.03E+04,0.04,1.55E+05,0.02,4.81E+05,0.03,7.40E+04,0.03,2.15E+05,0.02,1.65E+06,0.01,2.89E+05,2.41E+05,4.81E+04
289,200,8.3,05/06/1987,0.4,3.5,1.18E+05,0.07,2.00E+05,0.03,7.22E+05,0.06,1.22E+05,0.05,3.11E+05,0.03,2.31E+06,0.02,4.33E+05,3.00E+05,1.33E+05
290,200,10,04/06/1987,0.45,3.9,4.44E+04,0.07,9.99E+04,0.03,4.07E+05,0.06,4.81E+04,0.05,1.44E+05,0.03,1.24E+06,0.02,1.92E+05,1.41E+05,5.18E+04
291,200,12,04/06/1987,0.4,3.5,2.96E+04,0.1,8.51E+04,0.03,3.40E+05,0.05,4.44E+04,0.05,1.18E+05,0.03,8.62E+05,0.02,1.63E+05,1.18E+05,4.44E+04
292,200,14.7,04/06/1987,0.21,1.8,4.81E+04,0.12,8.88E+04,0.05,4.55E+05,0.08,7.03E+04,0.06,1.89E+05,0.04,1.16E+06,0.03,2.59E+05,2.15E+05,4.44E+04
293,200,17,04/06/1987,0.18,1.6,4.07E+04,0.12,5.55E+04,0.06,,,8.88E+04,0.05,2.07E+05,0.03,7.47E+05,0.04,2.96E+05,2.52E+05,4.44E+04
294,200,20,02/06/1987,0.1,0.9,1.85E+04,0.08,3.70E+04,0.04,1.07E+05,0.07,2.22E+04,0.05,6.29E+04,0.03,4.44E+05,0.02,8.51E+04,8.14E+04,3.70E+03
295,200,25,05/06/1987,0.05,0.4,1.85E+04,0.08,4.07E+04,0.03,1.44E+05,0.06,2.59E+04,0.04,7.03E+04,0.03,4.03E+05,0.02,9.62E+04,7.77E+04,1.85E+04
296,200,30,05/06/1987,0.1,0.9,1.48E+04,0.21,2.59E+04,0.09,1.18E+05,0.18,1.85E+04,0.18,5.92E+04,0.06,2.96E+05,0.07,7.77E+04,6.66E+04,1.11E+04
297,200,37.5,05/06/1987,0.07,0.6,3.70E+03,0.2,1.11E+04,0.07,5.18E+04,0.09,1.11E+04,0.07,2.96E+04,0.04,1.11E+05,0.05,4.07E+04,2.96E+04,1.11E+04
298,200,45,05/06/1987,0.03,0.3,,,7.40E+03,0.08,2.96E+04,0.15,7.40E+03,0.07,2.59E+04,0.04,7.03E+04,0.07,3.33E+04,2.96E+04,3.70E+03
299,200,52.5,05/06/1987,0.02,0.2,,,1.48E+03,0.2,,,7.40E+03,0.08,2.22E+04,0.05,0.00E+00,,2.96E+04,2.15E+04,8.14E+03
300,200,60,05/06/1987,0.02,0.2,,,3.70E+03,0.11,2.96E+04,0.14,7.40E+03,0.07,1.85E+04,0.05,6.66E+04,0.07,2.59E+04,2.22E+04,3.70E+03
301,210,5,04/06/1987,0.5,4.4,7.03E+04,0.07,1.11E+05,0.04,4.18E+05,0.07,4.81E+04,0.07,1.52E+05,0.03,1.42E+06,0.02,2.00E+05,1.44E+05,5.55E+04
302,210,6,05/06/1987,0.45,3.9,7.03E+04,0.04,1.48E+05,0.02,4.07E+05,0.04,7.03E+04,0.03,1.74E+05,0.02,1.49E+06,0.01,2.44E+05,1.63E+05,8.14E+04
303,210,7,05/06/1987,0.3,2.6,8.88E+04,0.08,1.70E+05,0.04,6.44E+05,0.06,9.25E+04,0.06,2.74E+05,0.03,1.69E+06,0.02,3.66E+05,2.96E+05,7.03E+04
304,210,8.3,05/06/1987,0.25,2.2,7.03E+04,0.09,1.33E+05,0.04,3.66E+05,0.1,8.51E+04,0.05,1.63E+05,0.04,1.63E+06,0.02,2.48E+05,2.12E+05,3.59E+04
305,210,10,03/06/1987,0.2,1.7,1.85E+04,0.08,4.07E+04,0.03,1.07E+05,0.07,1.85E+04,0.05,5.18E+04,0.03,3.63E+05,0.03,7.03E+04,7.03E+04,
306,210,12,04/06/1987,0.25,2.2,6.29E+04,0.12,1.04E+05,0.06,3.66E+05,0.11,5.18E+04,0.11,1.55E+05,0.05,9.81E+05,0.04,2.07E+05,1.78E+05,2.96E+04
307,210,14.7,04/06/1987,0.14,1.2,2.96E+04,0.13,6.29E+04,0.05,2.70E+05,0.08,5.55E+04,0.05,1.30E+05,0.03,7.29E+05,0.03,1.85E+05,1.67E+05,1.78E+04
308,210,17,04/06/1987,0.8,7.0,1.85E+04,0.09,3.33E+04,0.04,8.51E+04,0.08,2.22E+04,0.05,5.55E+04,0.03,3.29E+05,0.03,7.77E+04,5.99E+04,1.78E+04
309,210,20,02/06/1987,0.05,0.4,,,1.11E+04,0.08,4.44E+04,0.12,1.07E+04,0.08,3.00E+04,0.05,1.18E+05,0.06,4.07E+04,1.48E+04,2.59E+04
310,210,25,03/06/1987,0.07,0.6,,,1.85E+04,0.06,7.77E+04,0.13,1.11E+04,0.11,3.33E+04,0.05,2.33E+05,0.05,4.44E+04,2.96E+04,1.48E+04
311,210,30,05/06/1987,0.05,0.4,,,3.70E+03,0.08,1.11E+04,0.27,3.70E+03,0.09,1.48E+04,0.04,3.33E+04,0.09,1.85E+04,1.85E+04,
312,210,37.5,05/06/1987,0.03,0.3,,,3.70E+03,0.11,2.96E+04,0.14,7.40E+03,0.1,1.85E+04,0.05,6.66E+04,0.08,2.59E+04,7.40E+03,1.85E+04
313,210,45,05/06/1987,0.03,0.3,,,,,,,3.70E+03,0.09,1.48E+04,0.06,2.59E+04,0.16,1.85E+04,1.85E+04,
314,210,52.5,05/06/1987,0.02,0.2,,,3.70E+03,0.18,,,7.40E+03,0.08,2.22E+04,0.05,2.22E+04,0.19,2.96E+04,1.11E+04,1.85E+04
315,210,60,05/06/1987,0.02,0.2,,,3.70E+03,0.18,,,7.40E+03,0.2,1.48E+04,0.11,0.00E+00,,2.22E+04,2.00E+04,2.22E+03
316,220,5,05/06/1987,0.6,5.2,1.04E+05,0.05,1.81E+05,0.02,5.70E+05,0.04,8.51E+04,0.04,2.78E+05,0.02,2.11E+06,0.01,3.63E+05,2.37E+05,1.26E+05
317,220,6,02/06/1987,0.3,2.6,7.77E+04,0.04,1.55E+05,0.02,6.29E+05,0.03,8.14E+04,0.02,2.04E+05,0.02,1.58E+06,0.01,2.85E+05,2.37E+05,4.81E+04
318,220,7,02/06/1987,0.25,2.2,4.81E+04,0.05,8.88E+04,0.02,2.55E+05,0.05,4.44E+04,0.03,1.11E+05,0.02,9.92E+05,0.01,1.55E+05,4.44E+04,1.11E+05
319,220,8.3,03/06/1987,0.18,1.6,4.07E+04,0.08,8.51E+04,0.03,2.26E+05,0.07,2.96E+04,0.07,1.07E+05,0.03,1.02E+06,0.02,1.37E+05,1.37E+05,
320,220,10,03/06/1987,0.07,0.6,2.96E+04,0.06,6.29E+04,0.03,3.70E+05,0.03,4.07E+04,0.03,1.11E+05,0.02,6.55E+05,0.02,1.52E+05,1.24E+05,2.78E+04
321,220,12,04/06/1987,0.18,1.6,4.81E+04,0.08,8.51E+04,0.04,3.03E+05,0.06,6.66E+04,0.04,1.81E+05,0.03,1.01E+06,0.02,2.48E+05,2.15E+05,3.33E+04
322,220,14.7,02/06/1987,0.1,0.9,1.85E+04,0.08,4.44E+04,0.03,1.67E+05,0.05,2.96E+04,0.04,8.14E+04,0.02,4.74E+05,0.02,1.11E+05,4.07E+04,7.03E+04
323,220,17,02/06/1987,0.075,0.7,1.11E+04,0.12,2.96E+04,0.04,1.26E+05,0.07,1.44E+04,0.07,5.18E+04,0.03,3.03E+05,0.03,6.62E+04,6.62E+04,
324,220,20,02/06/1987,0.025,0.2,1.48E+04,0.08,3.33E+04,0.04,8.14E+04,0.08,1.85E+04,0.05,5.55E+04,0.03,3.70E+05,0.03,7.40E+04,4.07E+04,3.33E+04
325,220,25,,,,,,,,,,,,,,,,,,
326,220,30,03/06/1987,0.04,0.3,,,7.40E+03,0.09,2.22E+04,1.21,3.70E+03,0.17,1.11E+04,0.07,6.29E+04,0.09,1.48E+04,1.48E+04,
327,220,37.5,05/06/1987,0.02,0.2,,,7.40E+03,0.1,2.59E+04,0.16,7.40E+03,0.08,1.48E+04,0.06,6.29E+04,0.11,2.22E+04,2.22E+04,
328,220,45,05/06/1987,0.02,0.2,,,1.48E+03,0.22,,,3.70E+03,0.17,7.40E+03,0.08,4.07E+04,0.13,1.11E+04,1.11E+04,
329,220,52.5,05/06/1987,0.02,0.2,,,,,,,3.70E+03,0.13,1.11E+04,0.07,1.85E+04,0.26,1.48E+04,1.48E+04,
330,220,60,05/06/1987,0.02,0.2,,,1.11E+03,0.26,,,7.40E+03,0.09,1.48E+04,0.06,0.00E+00,,2.22E+04,2.00E+04,2.22E+03
331,230,5,02/06/1987,0.45,3.9,8.14E+04,0.04,1.81E+05,0.02,4.59E+05,0.03,9.62E+04,0.02,2.74E+05,0.01,1.96E+06,0.01,3.70E+05,3.18E+05,5.18E+04
332,230,6,05/06/1987,0.9,7.9,2.04E+05,0.05,4.00E+05,0.02,1.12E+06,0.05,2.07E+05,0.04,5.51E+05,0.02,4.07E+06,0.02,7.59E+05,7.22E+05,3.70E+04
333,230,7,,,,,,,,,,,,,,,,,,
334,230,8.3,02/06/1987,0.3,2.6,2.44E+04,0.07,4.44E+04,0.03,1.52E+05,0.06,2.96E+04,0.04,8.51E+04,0.02,4.85E+05,0.02,1.15E+05,1.07E+05,7.40E+03
335,230,10,03/06/1987,0.13,1.1,2.59E+04,0.09,5.92E+04,0.04,1.92E+05,0.06,3.70E+04,0.05,8.88E+04,0.03,6.55E+05,0.02,1.26E+05,9.40E+04,3.18E+04
336,230,12,02/06/1987,0.05,0.4,1.85E+04,0.08,3.70E+04,0.03,1.11E+05,0.07,2.22E+04,0.05,5.92E+04,0.03,3.70E+05,0.03,8.14E+04,6.59E+04,1.55E+04
337,230,14.7,02/06/1987,0.12,1.0,7.40E+03,0.16,1.85E+04,0.05,4.81E+04,0.11,1.11E+04,0.07,2.96E+04,0.04,1.52E+05,0.04,4.07E+04,2.22E+04,1.85E+04
338,230,17,02/06/1987,0.075,0.7,7.40E+03,0.14,1.85E+04,0.05,5.55E+04,0.11,1.85E+04,0.05,4.81E+04,0.03,1.96E+05,0.04,6.66E+04,4.81E+04,1.85E+04
339,230,20,02/06/1987,0.05,0.4,3.70E+03,0.18,1.11E+04,0.07,2.96E+04,0.2,1.85E+04,0.03,4.81E+04,0.03,1.33E+05,0.05,6.66E+04,4.07E+04,2.59E+04
340,230,25,02/06/1987,0.06,0.5,3.70E+03,0.12,3.70E+03,0.09,1.48E+04,0.14,7.40E+03,0.06,1.48E+04,0.03,5.18E+04,0.06,2.22E+04,1.33E+04,8.88E+03
341,230,30,03/06/1987,0.03,0.3,,,3.70E+03,0.2,2.96E+04,0.16,7.40E+03,0.1,2.22E+04,0.06,5.92E+04,0.1,2.96E+04,2.96E+04,
342,230,37.5,08/06/1987,0.04,0.3,,,1.48E+03,0.16,1.11E+04,0.19,3.70E+03,0.07,1.11E+04,0.05,1.85E+04,0.17,1.48E+04,1.48E+04,
343,230,45,,,,,,,,,,,,,,,,,,
344,230,52.5,08/06/1987,0.02,0.2,,,1.48E+04,0.13,3.70E+04,0.44,,,4.07E+04,0.08,1.55E+05,0.13,4.07E+04,1.11E+04,2.96E+04
345,230,60,08/06/1987,0.02,0.2,,,3.70E+03,0.25,,,,,2.59E+04,0.11,0.00E+00,,2.59E+04,2.48E+04,1.11E+03
346,240,5,02/06/1987,5.5,48.0,5.59E+05,0.05,1.09E+06,0.05,,,3.48E+05,0.13,1.38E+06,0.05,1.28E+07,0.05,1.72E+06,1.11E+06,6.14E+05
347,240,6,29/05/1987,2.8,24.4,5.11E+05,0.05,1.30E+06,0.02,,,5.70E+05,0.03,1.35E+06,0.02,1.63E+07,0.01,1.92E+06,1.88E+06,3.70E+04
348,240,7,05/06/1987,1.2,10.5,1.44E+05,0.05,3.22E+05,0.02,6.85E+05,0.04,1.55E+05,0.03,4.18E+05,0.02,3.40E+06,0.01,5.74E+05,5.03E+05,7.03E+04
349,240,8.3,02/06/1987,1,8.7,1.15E+05,0.03,2.29E+05,0.02,5.77E+05,0.03,1.15E+05,0.02,3.26E+05,0.01,2.24E+06,0.01,4.40E+05,4.14E+05,2.59E+04
350,240,10,02/06/1987,0.7,6.1,9.99E+04,0.04,1.92E+05,0.02,7.03E+05,0.03,9.25E+04,0.03,2.81E+05,0.01,1.91E+06,0.01,3.74E+05,3.74E+05,
351,240,12,29/05/1987,0.2,1.7,4.81E+04,0.06,1.04E+05,0.02,,,1.85E+04,0.11,1.37E+05,0.02,1.35E+06,0.01,1.55E+05,1.22E+05,3.33E+04
352,240,14.7,05/06/1987,0.2,1.7,5.18E+04,0.11,7.55E+04,0.05,1.40E+05,0.19,2.96E+04,0.15,1.22E+05,0.04,9.40E+05,0.03,1.52E+05,1.32E+05,2.00E+04
353,240,17,05/06/1987,0.012,0.1,2.22E+04,0.18,7.40E+04,0.06,1.55E+05,0.14,4.81E+04,0.08,1.30E+05,0.04,7.36E+05,0.04,1.78E+05,1.58E+05,2.00E+04
354,240,20,04/06/1987,0.15,1.3,3.70E+03,0.17,7.40E+03,0.06,2.96E+04,0.09,1.11E+04,0.04,2.96E+04,0.03,7.03E+04,0.05,4.07E+04,3.70E+04,3.70E+03
355,240,25,04/06/1987,0.15,1.3,,,3.70E+03,0.11,,,2.59E+04,0.04,6.29E+04,0.03,2.96E+04,0.15,8.88E+04,5.55E+04,3.33E+04
356,240,30,02/06/1987,0.075,0.7,,,7.40E+03,0.1,4.07E+04,0.13,6.29E+04,0.03,1.63E+05,0.02,4.81E+04,0.11,2.26E+05,2.00E+05,2.59E+04
357,240,37.5,05/06/1987,0.025,0.2,,,,,,,3.70E+03,0.07,1.11E+04,0.05,0.00E+00,,1.48E+04,7.40E+03,7.40E+03
358,240,45,05/06/1987,0.05,0.4,,,,,,,6.29E+04,0.03,1.55E+05,0.02,0.00E+00,,2.18E+05,1.78E+05,4.07E+04
359,240,52.5,05/06/1987,0.2,1.7,,,,,,,1.18E+05,0.02,2.92E+05,0.01,0.00E+00,,4.11E+05,3.11E+05,9.99E+04
360,240,60,05/06/1987,0.14,1.2,,,,,,,3.33E+04,0.04,8.14E+04,0.02,0.00E+00,,1.15E+05,1.05E+05,9.25E+03
361,250,5,02/06/1987,7.5,65.5,,,7.96E+05,0.07,,,,,1.12E+06,0.07,8.14E+06,0.07,1.12E+06,9.32E+05,1.85E+05
362,250,6,02/06/1987,9,78.6,1.61E+06,0.07,,,9.03E+06,0.06,5.18E+05,0.18,3.31E+06,0.03,3.29E+07,0.03,3.83E+06,3.81E+06,1.48E+04
363,250,7,02/06/1987,7,61.1,,,9.84E+05,0.07,,,6.85E+05,0.03,1.45E+06,0.06,6.14E+06,0.09,2.13E+06,1.66E+06,4.77E+05
364,250,8.3,02/06/1987,1.2,10.5,9.47E+05,0.06,2.02E+06,0.02,4.92E+06,0.05,1.12E+06,0.03,2.61E+06,0.02,1.88E+07,0.02,3.73E+06,3.52E+06,2.11E+05
365,250,10,05/06/1987,5,43.7,9.07E+05,0.09,1.95E+06,0.03,6.81E+06,0.07,1.65E+06,0.04,4.26E+06,0.02,2.33E+07,0.03,5.90E+06,4.65E+06,1.25E+06
366,250,12,05/06/1987,0.75,6.5,1.07E+05,0.04,2.52E+05,0.01,6.92E+05,0.03,1.22E+05,0.02,3.74E+05,0.01,2.40E+06,0.01,4.96E+05,4.37E+05,5.92E+04
367,250,14.7,,,,,,,,,,,,,,,,,,
368,250,17,05/06/1987,0.2,1.7,4.07E+04,0.08,7.40E+04,0.04,2.00E+05,0.07,4.81E+04,0.05,1.33E+05,0.03,8.07E+05,0.02,1.81E+05,1.64E+05,1.78E+04
369,250,20,05/06/1987,0.018,0.2,7.40E+04,0.11,1.81E+05,0.04,3.52E+05,0.11,1.11E+05,0.06,2.33E+05,0.04,1.51E+06,0.03,3.44E+05,3.26E+05,1.85E+04
370,250,25,04/06/1987,0.1,0.9,1.48E+04,0.13,3.33E+04,0.05,8.88E+04,0.12,3.33E+04,0.05,9.99E+04,0.03,4.14E+05,0.03,1.33E+05,9.99E+04,3.33E+04
371,250,30,,,,,,,,,,,,,,,,,,
372,250,37.5,05/06/1987,0.25,2.2,,,1.48E+04,0.06,8.51E+04,0.09,1.37E+05,0.02,3.48E+05,0.01,1.37E+05,0.06,4.85E+05,3.03E+05,1.81E+05
373,250,45,05/06/1987,0.1,0.9,,,7.40E+03,0.12,,,2.96E+04,0.06,7.03E+04,0.03,3.70E+04,0.22,9.99E+04,8.14E+04,1.85E+04
374,250,52.5,05/06/1987,,0.0,,,1.85E+03,0.18,,,1.11E+04,0.06,2.22E+04,0.04,2.22E+04,0.15,3.33E+04,1.11E+04,2.22E+04
375,250,60,05/06/1987,0.02,0.2,,,,,,,5.92E+04,0.03,1.44E+05,0.02,2.22E+04,0.26,2.04E+05,2.02E+05,1.48E+03
376,260,5,05/06/1987,26,227.0,2.46E+06,0.05,5.37E+06,0.02,1.50E+07,0.05,3.46E+06,0.03,9.69E+06,0.02,5.03E+06,0.02,1.32E+07,1.24E+07,7.62E+05
377,260,6,05/06/1987,12,104.8,1.07E+06,0.08,2.31E+06,0.03,6.88E+06,0.07,1.55E+06,0.05,4.22E+06,0.02,2.76E+07,0.03,5.77E+06,4.96E+06,8.10E+05
378,260,7,02/06/1987,6,52.4,1.01E+06,0.05,1.99E+06,0.02,5.92E+06,0.04,1.55E+06,0.02,4.07E+06,0.02,1.80E+07,0.02,5.62E+06,5.57E+06,4.44E+04
379,260,8.3,,,,,,,,,,,,,,,,,,
380,260,10,05/06/1987,3,26.2,1.04E+05,0.03,2.07E+05,0.01,4.22E+05,0.03,1.33E+05,0.02,3.89E+05,0.01,1.85E+06,0.01,5.22E+05,5.22E+05,
381,260,12,05/06/1987,,0.0,1.41E+05,0.08,3.66E+05,0.03,1.08E+06,0.06,,,2.96E+05,0.04,2.63E+06,0.03,2.96E+05,1.63E+05,1.33E+05
382,260,14.7,04/06/1987,0.75,6.5,1.26E+05,0.06,3.70E+05,0.02,7.59E+05,0.05,2.15E+05,0.03,6.62E+05,0.01,3.74E+06,0.01,8.77E+05,7.92E+05,8.51E+04
383,260,17,04/06/1987,1,8.7,5.18E+04,0.14,1.07E+05,0.06,2.44E+05,0.19,4.44E+04,0.16,1.81E+05,0.05,1.05E+06,0.05,2.26E+05,1.41E+05,8.51E+04
384,260,20,05/06/1987,0.4,3.5,5.92E+04,0.05,1.22E+05,0.02,2.52E+05,0.05,7.40E+04,0.03,2.07E+05,0.02,1.23E+06,0.01,2.81E+05,2.59E+05,2.22E+04
385,260,25,02/06/1987,0.3,2.6,5.92E+04,0.04,1.18E+05,0.02,4.14E+05,0.04,9.62E+04,0.02,2.41E+05,0.02,1.11E+06,0.01,3.37E+05,2.52E+05,8.51E+04
386,260,30,29/05/1987,0.2,1.7,9.62E+04,0.08,1.26E+05,0.04,,,8.14E+04,0.07,2.00E+05,0.05,1.07E+06,0.04,2.81E+05,2.00E+05,8.14E+04
387,260,37.5,05/06/1987,0.075,0.7,2.22E+04,0.07,4.07E+04,0.03,2.18E+05,0.05,5.92E+04,0.03,1.55E+05,0.02,5.22E+05,0.02,2.15E+05,1.89E+05,2.59E+04
388,260,45,05/06/1987,0.18,1.6,7.40E+03,0.13,1.48E+04,0.06,6.29E+04,0.1,7.40E+04,0.02,1.89E+05,0.02,1.74E+05,0.04,2.63E+05,2.18E+05,4.44E+04
389,260,52.5,05/06/1987,0.2,1.7,7.40E+03,0.12,1.48E+04,0.06,4.07E+04,0.13,5.92E+04,0.03,1.41E+05,0.02,1.33E+05,0.05,2.00E+05,1.81E+05,1.85E+04
390,260,60,05/06/1987,0.16,1.4,7.40E+03,0.18,1.85E+04,0.08,6.29E+04,0.15,7.03E+04,0.03,1.67E+05,0.02,1.74E+05,0.06,2.37E+05,2.26E+05,1.11E+04
391,270,5,02/06/1987,1.8,15.7,2.15E+05,0.03,5.55E+05,0.01,1.27E+06,0.03,2.70E+05,0.02,7.51E+05,0.01,5.33E+06,0.01,1.02E+06,9.32E+05,8.88E+04
392,270,6,02/06/1987,3,26.2,2.11E+05,0.03,4.77E+05,0.01,7.81E+05,0.03,1.33E+05,0.02,3.92E+05,0.01,4.14E+06,0.01,5.25E+05,4.29E+05,9.62E+04
393,270,7,02/06/1987,1,8.7,1.30E+05,0.03,2.85E+05,0.01,5.00E+05,0.04,1.85E+05,0.02,5.29E+05,,2.83E+06,0.01,7.14E+05,6.88E+05,2.59E+04
394,270,8.3,02/06/1987,1,8.7,1.11E+05,0.03,2.37E+05,0.02,1.20E+06,0.02,1.26E+05,0.02,3.55E+05,0.01,2.43E+06,0.01,4.81E+05,2.00E+05,2.81E+05
395,270,10,02/06/1987,0.4,3.5,5.18E+04,0.05,1.11E+05,0.02,2.11E+05,0.05,9.25E+04,0.02,2.66E+05,0.01,1.01E+06,0.02,3.59E+05,3.39E+05,1.96E+04
396,270,12,04/06/1987,0.75,6.5,1.55E+05,0.05,4.14E+05,0.02,1.24E+06,0.03,2.33E+05,0.02,6.70E+05,0.01,4.07E+06,0.01,9.03E+05,8.25E+05,7.77E+04
397,270,14.7,05/06/1987,1,8.7,1.15E+06,0.03,1.97E+06,0.01,5.88E+06,0.03,9.81E+05,0.02,3.30E+06,0.01,1.52E+07,0.01,4.28E+06,4.03E+06,2.48E+05
398,270,17,02/06/1987,0.7,6.1,1.89E+05,0.03,5.18E+05,0.01,8.14E+05,0.03,2.44E+05,0.02,6.99E+05,0.01,2.79E+06,0.01,9.44E+05,6.96E+05,2.48E+05
399,270,20,02/06/1987,2.5,21.8,1.26E+05,0.04,2.81E+05,0.01,6.36E+05,0.03,2.63E+05,0.02,7.59E+05,0.01,2.39E+06,0.01,1.02E+06,9.32E+05,8.88E+04
400,270,25,,,,,,,,,,,,,,,,,,
401,270,30,29/05/1987,0.46,4.0,1.22E+05,0.04,2.26E+05,0.02,4.63E+05,0.06,2.11E+05,0.02,5.33E+05,0.01,1.80E+06,0.02,7.44E+05,6.55E+05,8.88E+04
402,270,37.5,05/06/1987,0.14,1.2,,,4.81E+04,0.07,9.25E+04,0.23,7.77E+04,0.06,1.96E+05,0.03,3.89E+05,0.06,2.74E+05,1.85E+05,8.88E+04
403,270,45,05/06/1987,1,8.7,9.62E+04,0.04,1.92E+05,0.02,4.37E+05,0.04,1.26E+05,0.02,3.70E+05,0.01,1.75E+06,0.01,4.96E+05,3.26E+05,1.70E+05
404,270,52.5,05/06/1987,0.16,1.4,4.07E+04,0.12,5.18E+04,0.06,1.85E+05,0.12,5.55E+04,0.07,1.52E+05,0.04,4.70E+05,0.05,2.07E+05,1.92E+05,1.48E+04
405,270,60,05/06/1987,0.14,1.2,7.40E+03,0.14,1.85E+04,0.05,6.66E+04,0.09,2.22E+04,0.05,5.92E+04,0.03,1.70E+05,0.04,8.14E+04,6.55E+04,1.59E+04
406,280,5,02/06/1987,1,8.7,1.07E+05,0.04,2.15E+05,0.02,5.18E+05,0.04,9.62E+04,0.03,2.55E+05,0.02,2.35E+06,0.01,3.52E+05,1.78E+05,1.74E+05
407,280,6,,,,,,,,,,,,,,,,,,
408,280,7,02/06/1987,0.75,6.5,1.30E+05,0.03,2.29E+05,0.01,5.11E+05,0.03,1.18E+05,0.02,3.66E+05,0.01,2.04E+06,0.01,4.85E+05,4.51E+05,3.33E+04
409,280,8.3,29/05/1987,1,8.7,2.44E+05,0.05,4.40E+05,0.02,1.24E+06,0.05,1.81E+05,0.05,5.88E+05,0.02,4.70E+06,0.02,7.70E+05,6.81E+05,8.88E+04
410,280,10,,,,,,,,,,,,,,,,,,
411,280,12,02/06/1987,0.5,4.4,4.44E+04,0.06,1.04E+05,0.02,3.92E+05,0.04,1.11E+05,0.02,2.96E+05,0.01,1.02E+06,0.02,4.07E+05,3.55E+05,5.18E+04
412,280,14.7,02/06/1987,0.4,3.5,5.55E+04,0.05,1.33E+05,0.02,2.78E+05,0.05,1.41E+05,0.02,3.96E+05,0.01,1.18E+06,0.02,5.37E+05,4.51E+05,8.51E+04
413,280,17,02/06/1987,0.35,3.1,4.81E+04,0.06,1.07E+05,0.02,7.88E+05,0.03,1.41E+05,0.02,3.52E+05,0.01,1.10E+06,0.02,4.92E+05,4.07E+05,8.51E+04
414,280,20,,,,,,,,,,,,,,,,,,
415,280,25,29/05/1987,0.2,1.7,7.40E+04,0.05,1.26E+05,0.02,1.18E+05,0.16,1.48E+05,0.02,3.55E+05,0.01,9.55E+05,0.02,5.03E+05,4.77E+05,2.59E+04
416,280,30,02/06/1987,0.18,1.6,1.11E+04,0.11,2.22E+04,0.05,6.66E+04,0.09,5.18E+04,0.03,1.33E+05,0.02,2.33E+05,0.03,1.85E+05,1.78E+05,7.40E+03
417,280,37.5,05/06/1987,0.1,0.9,1.48E+04,0.1,2.96E+04,0.04,8.14E+04,0.08,4.44E+04,0.03,1.15E+05,0.02,2.70E+05,0.03,1.59E+05,1.44E+05,1.48E+04
418,280,45,05/06/1987,0.05,0.4,1.11E+04,0.12,1.85E+04,0.05,6.29E+04,0.1,3.33E+04,0.04,7.77E+04,0.03,1.96E+05,0.04,1.11E+05,7.77E+04,3.33E+04
419,280,52.5,05/06/1987,0.025,0.2,,,3.70E+03,0.1,,,3.70E+03,0.08,1.48E+04,0.04,1.85E+04,0.14,1.85E+04,1.22E+04,6.29E+03
420,280,60,05/06/1987,0.1,0.9,,,7.40E+03,0.09,4.07E+04,0.11,4.44E+04,0.03,1.22E+05,0.02,8.88E+04,0.07,1.67E+05,1.59E+05,7.40E+03
421,290,5,02/06/1987,3.5,30.6,4.63E+05,0.08,9.66E+05,0.03,2.26E+06,0.07,4.81E+05,0.05,1.30E+06,0.03,9.36E+06,0.03,1.78E+06,1.62E+06,1.59E+05
422,290,6,,,,,,,,,,,,,,,,,,
423,290,7,,,,,,,,,,,,,,,,,,
424,290,8.3,02/06/1987,0.8,7.0,1.85E+05,0.11,3.66E+05,0.05,1.15E+06,0.1,1.67E+05,0.1,6.36E+05,0.04,3.20E+06,0.05,8.03E+05,7.10E+05,9.25E+04
425,290,10,29/05/1987,0.8,7.0,2.07E+05,0.05,4.29E+05,0.02,1.01E+06,0.07,1.44E+05,0.06,6.07E+05,0.02,3.24E+06,0.02,7.51E+05,6.07E+05,1.44E+05
426,290,12,29/05/1987,0.3,2.6,8.88E+04,0.05,1.55E+05,0.02,3.07E+05,0.07,7.40E+04,0.04,1.74E+05,0.02,1.67E+06,0.02,2.48E+05,1.85E+05,6.29E+04
427,290,14.7,02/06/1987,0.16,1.4,6.29E+04,0.05,1.44E+05,0.02,4.33E+05,0.04,1.07E+05,0.02,2.85E+05,0.02,1.42E+06,0.01,3.92E+05,3.77E+05,1.48E+04
428,290,17,02/06/1987,0.5,4.4,2.96E+04,0.07,6.29E+04,0.03,2.37E+05,0.04,7.03E+04,0.03,1.78E+05,0.02,6.59E+05,0.02,2.48E+05,2.33E+05,1.48E+04
429,290,20,,,,,,,,,,,,,,,,,,
430,290,25,02/06/1987,0.18,1.6,1.85E+04,0.08,4.07E+04,0.04,9.25E+04,0.08,4.81E+04,0.03,1.30E+05,0.02,3.96E+05,0.03,1.78E+05,9.62E+04,8.14E+04
431,290,30,29/05/1987,0.13,1.1,,,4.07E+04,0.05,,,5.18E+04,0.05,9.99E+04,0.04,2.63E+05,0.07,1.52E+05,1.11E+05,4.07E+04
432,290,37.5,05/06/1987,0.14,1.2,1.11E+04,0.1,1.85E+04,0.05,5.92E+04,0.1,5.55E+04,0.03,1.37E+05,0.02,2.11E+05,0.04,1.92E+05,1.18E+05,7.40E+04
433,290,45,05/06/1987,0.8,7.0,,,7.40E+03,0.11,2.26E+05,0.07,3.63E+05,0.01,1.12E+06,0.01,9.25E+04,0.11,1.48E+06,1.25E+06,2.29E+05
434,290,52.5,05/06/1987,0.5,4.4,,,,,1.55E+05,0.07,2.70E+05,0.01,7.40E+05,0.01,6.29E+04,0.14,1.01E+06,7.29E+05,2.81E+05
435,290,60,05/06/1987,0.4,3.5,3.70E+03,0.22,1.11E+04,0.06,1.63E+05,0.06,1.78E+05,0.02,4.81E+05,0.01,7.40E+04,0.1,6.59E+05,6.22E+05,3.70E+04
436,300,5,02/06/1987,2.6,22.7,1.67E+05,0.04,5.40E+05,0.01,1.18E+06,0.03,2.37E+05,0.02,7.77E+05,0.01,5.51E+06,0.01,1.01E+06,9.12E+05,1.02E+05
437,300,6,02/06/1987,1.2,10.5,1.96E+05,0.1,3.66E+05,0.04,9.44E+05,0.09,2.07E+05,0.06,5.44E+05,0.04,4.00E+06,0.04,7.51E+05,5.99E+05,1.52E+05
438,300,7,02/06/1987,1,8.7,8.88E+04,0.04,2.04E+05,0.02,4.29E+05,0.04,9.25E+04,0.02,2.41E+05,0.02,1.86E+06,0.01,3.33E+05,2.15E+05,1.18E+05
439,300,8.3,29/05/1987,0.6,5.2,9.62E+04,0.13,4.37E+05,0.02,6.66E+05,0.09,2.89E+05,0.03,5.03E+05,0.02,5.74E+06,0.01,7.92E+05,7.36E+05,5.55E+04
440,300,10,05/06/1987,0.3,2.6,6.29E+04,0.05,1.22E+05,0.02,2.66E+05,0.05,6.66E+04,0.03,1.85E+05,0.02,1.27E+06,0.02,2.52E+05,1.63E+05,8.88E+04
441,300,12,29/05/1987,0.5,4.4,1.33E+05,0.04,2.74E+05,0.02,5.25E+05,0.05,8.14E+04,0.05,3.29E+05,0.02,2.23E+06,0.01,4.11E+05,3.52E+05,5.92E+04
442,300,14.7,02/06/1987,0.2,1.7,5.55E+04,0.05,1.07E+05,0.02,2.85E+05,0.04,7.77E+04,0.03,2.29E+05,0.02,1.14E+06,0.01,3.07E+05,2.18E+05,8.88E+04
443,300,17,05/06/1987,0.2,1.7,,,5.55E+04,0.06,1.89E+05,0.13,7.03E+04,0.06,1.92E+05,0.03,6.29E+05,0.05,2.63E+05,1.74E+05,8.88E+04
444,300,20,05/06/1987,0.15,1.3,7.40E+03,0.15,1.85E+04,0.06,7.40E+04,0.1,3.70E+04,0.04,9.62E+04,0.02,1.89E+05,0.04,1.33E+05,1.30E+05,3.70E+03
445,300,25,05/06/1987,0.4,3.5,,,3.70E+04,0.08,3.37E+05,0.1,3.11E+05,0.03,7.33E+05,0.02,3.40E+05,0.09,1.04E+06,5.44E+05,5.00E+05
446,300,30,05/06/1987,0.5,4.4,,,3.33E+04,0.09,4.59E+05,0.08,3.96E+05,0.02,8.88E+05,0.02,3.11E+05,0.1,1.28E+06,1.09E+06,1.92E+05
447,300,37.5,05/06/1987,0.3,2.6,,,1.85E+04,0.13,,,1.55E+05,0.04,3.77E+05,0.02,1.48E+05,0.16,5.33E+05,5.11E+05,2.22E+04
448,300,45,05/06/1987,0.15,1.3,,,7.40E+03,0.19,1.30E+05,0.16,7.77E+04,0.06,1.81E+05,0.04,1.26E+05,0.17,2.59E+05,2.18E+05,4.07E+04
449,300,52.5,05/06/1987,0.45,3.9,,,7.40E+03,0.11,1.07E+05,0.11,1.30E+05,0.03,3.29E+05,0.02,4.07E+04,0.19,4.59E+05,3.18E+05,1.41E+05
450,300,60,05/06/1987,0.22,1.9,,,1.48E+04,0.09,1.22E+05,0.1,1.18E+05,0.03,3.07E+05,0.02,1.26E+05,0.08,4.26E+05,3.98E+05,2.74E+04
451,310,5,05/06/1987,11,96.0,1.34E+06,0.06,3.17E+06,0.02,8.92E+06,0.05,1.61E+06,0.03,4.77E+06,0.02,3.13E+07,0.02,6.38E+06,6.25E+06,1.26E+05
452,310,6,21/05/1987,2.5,21.8,1.04E+05,0.02,2.15E+05,0.01,4.96E+05,0.02,8.51E+04,0.01,2.48E+05,0.01,1.83E+06,0.01,3.33E+05,3.33E+05,
453,310,7,22/05/1987,3,26.2,,,,,4.77E+05,0.03,9.99E+04,0.02,,,2.42E+06,0.01,9.99E+04,9.99E+04,
454,310,8.3,05/06/1987,2.5,21.8,5.37E+05,0.03,9.55E+05,0.01,2.89E+06,0.03,5.40E+05,0.02,1.55E+06,0.01,1.07E+07,0.01,2.09E+06,1.72E+06,3.70E+05
455,310,10,05/06/1987,2,17.5,4.03E+05,0.09,6.92E+05,0.04,2.58E+06,0.07,4.96E+05,0.05,1.31E+06,0.03,6.99E+06,0.04,1.80E+06,1.72E+06,8.51E+04
456,310,12,05/06/1987,1.8,15.7,4.07E+05,0.05,7.40E+05,0.02,2.34E+06,0.05,4.55E+05,0.04,1.26E+06,0.02,7.88E+06,0.02,1.71E+06,1.46E+06,2.52E+05
457,310,14.7,05/06/1987,0.6,5.2,5.55E+04,0.11,9.25E+04,0.05,5.59E+05,0.08,3.33E+05,0.03,8.88E+05,0.02,1.01E+06,0.04,1.22E+06,9.62E+05,2.59E+05
458,310,17,02/06/1987,0.6,5.2,4.44E+04,0.05,9.25E+04,0.02,3.26E+05,0.04,1.44E+05,0.02,3.77E+05,0.01,9.62E+05,0.02,5.22E+05,2.63E+05,2.59E+05
459,310,20,05/06/1987,0.6,5.2,4.44E+04,0.06,9.25E+04,0.03,4.33E+05,0.04,2.85E+05,0.01,7.84E+05,0.01,1.02E+06,0.02,1.07E+06,1.07E+06,
460,310,25,05/06/1987,0.4,3.5,7.03E+04,0.09,1.22E+05,0.04,6.51E+05,0.07,3.55E+05,0.03,9.03E+05,0.02,1.34E+06,0.03,1.26E+06,8.33E+05,4.26E+05
461,310,30,05/06/1987,0.4,3.5,6.29E+04,0.1,9.99E+04,0.05,7.07E+05,0.07,3.85E+05,0.02,9.88E+05,0.01,1.14E+06,0.04,1.37E+06,1.10E+06,2.70E+05
462,310,37.5,05/06/1987,0.35,3.1,,,5.18E+04,0.1,,,2.63E+05,0.04,6.62E+05,0.03,5.44E+05,0.08,9.25E+05,6.29E+05,2.96E+05
463,310,45,05/06/1987,0.12,1.0,,,,,,,1.11E+04,0.16,3.33E+04,0.09,4.44E+04,0.2,4.44E+04,8.51E+03,3.59E+04
464,310,52.5,05/06/1987,0.45,3.9,,,1.11E+04,0.1,1.11E+05,0.11,1.52E+05,0.02,4.18E+05,0.02,1.37E+05,0.08,5.70E+05,5.48E+05,2.22E+04
465,310,60,05/06/1987,0.5,4.4,,,3.70E+03,0.18,1.18E+05,0.1,2.00E+05,0.02,4.74E+05,0.02,9.62E+04,0.1,6.73E+05,6.48E+05,2.59E+04
466,320,5,04/06/1987,7.5,65.5,1.55E+06,0.05,3.49E+06,0.02,1.20E+07,0.03,1.78E+06,0.03,4.63E+06,0.02,3.34E+07,0.02,6.40E+06,6.30E+06,1.04E+05
467,320,6,04/06/1987,10,87.3,5.70E+05,0.04,1.11E+06,0.02,3.92E+06,0.04,6.59E+05,0.03,1.84E+06,0.02,1.25E+07,0.01,2.50E+06,2.44E+06,5.92E+04
468,320,7,04/06/1987,5,43.7,1.29E+06,0.05,2.51E+06,0.02,7.22E+06,0.04,1.09E+06,0.04,3.24E+06,0.02,2.40E+07,0.02,4.33E+06,3.85E+06,4.81E+05
469,320,8.3,,,,,,,,,,,,,,,,,,
470,320,10,04/06/1987,2.5,21.8,6.96E+05,0.06,1.27E+06,0.03,3.81E+06,0.06,7.73E+05,0.04,1.81E+06,0.03,1.15E+07,0.03,2.58E+06,2.58E+06,
471,320,12,05/06/1987,2.5,21.8,1.74E+05,0.03,3.22E+05,0.01,1.14E+06,0.03,1.96E+05,0.02,4.44E+05,0.01,3.81E+06,0.01,6.40E+05,5.91E+05,4.96E+04
472,320,14.7,05/06/1987,2.2,19.2,1.52E+05,0.04,4.14E+05,0.01,1.03E+06,0.03,2.89E+05,0.02,9.62E+05,0.01,4.77E+06,0.01,1.25E+06,1.21E+06,4.44E+04
473,320,17,05/06/1987,4,34.9,3.96E+05,0.04,7.73E+05,0.02,2.72E+06,0.03,9.03E+05,0.02,2.34E+06,0.01,7.25E+06,0.01,3.24E+06,3.20E+06,4.44E+04
474,320,20,05/06/1987,1.5,13.1,8.88E+04,0.04,1.92E+05,0.02,6.29E+05,0.04,3.63E+05,0.01,9.25E+05,0.01,2.02E+06,0.01,1.29E+06,1.18E+06,1.04E+05
475,320,25,05/06/1987,1.3,11.3,3.33E+04,0.09,8.14E+04,0.03,4.51E+05,0.04,3.85E+05,0.01,1.11E+06,0.01,1.12E+06,0.02,1.49E+06,1.07E+06,4.29E+05
476,320,30,05/06/1987,0.8,7.0,3.33E+04,0.07,6.66E+04,0.03,3.96E+05,0.04,2.78E+05,0.01,7.07E+05,0.01,7.07E+05,0.03,9.84E+05,8.95E+05,8.88E+04
477,320,37.5,05/06/1987,0.12,1.0,1.48E+04,0.13,4.44E+04,0.05,1.89E+05,0.07,1.26E+05,0.03,3.00E+05,0.02,4.63E+05,0.03,4.26E+05,4.07E+05,1.85E+04
478,320,45,05/06/1987,0.25,2.2,1.85E+04,0.09,3.55E+04,0.04,1.67E+05,0.06,1.33E+05,0.02,3.37E+05,0.01,3.66E+05,0.03,4.70E+05,4.51E+05,1.85E+04
479,320,52.5,05/06/1987,0.75,6.5,,,1.85E+04,0.07,2.78E+05,0.05,3.48E+05,0.01,8.44E+05,0.01,2.07E+05,0.05,1.19E+06,1.15E+06,4.44E+04
480,320,60,05/06/1987,0.28,2.4,3.70E+03,0.22,1.11E+04,0.07,1.18E+05,0.08,1.74E+05,0.02,4.40E+05,0.01,1.18E+05,0.06,6.14E+05,5.92E+05,2.22E+04
481,330,5,04/06/1987,10,87.3,1.54E+06,0.05,3.19E+06,0.02,8.66E+06,0.04,1.85E+06,0.03,4.48E+06,0.02,3.16E+07,0.02,6.33E+06,5.34E+06,9.92E+05
482,330,6,05/06/1987,10,87.3,1.18E+06,0.05,2.38E+06,0.02,7.44E+06,0.04,1.38E+06,0.03,3.44E+06,0.02,2.63E+07,0.02,4.82E+06,3.80E+06,1.02E+06
483,330,7,05/06/1987,7,61.1,8.66E+05,0.06,1.82E+06,0.03,5.59E+06,0.05,1.10E+06,0.03,2.55E+06,0.02,1.85E+07,0.02,3.64E+06,3.39E+06,2.48E+05
484,330,8.3,04/06/1987,5,43.7,6.73E+05,0.07,1.65E+06,0.03,6.33E+06,0.05,8.36E+05,0.04,2.23E+06,0.03,1.75E+07,,3.06E+06,2.85E+06,2.11E+05
485,330,10,04/06/1987,4,34.9,7.84E+05,0.07,1.82E+06,0.03,6.25E+06,0.05,1.17E+06,0.03,2.89E+06,0.02,1.93E+07,0.02,4.07E+06,3.86E+06,2.04E+05
486,330,12,04/06/1987,3,26.2,4.00E+05,0.09,6.62E+05,0.04,2.53E+06,0.08,5.11E+05,0.06,1.45E+06,0.03,8.36E+06,0.03,1.96E+06,1.47E+06,5.00E+05
487,330,14.7,05/06/1987,3,26.2,1.96E+05,0.13,4.55E+05,0.05,1.76E+06,0.09,6.66E+05,0.04,1.74E+06,0.03,5.07E+06,0.05,2.41E+06,1.07E+06,1.34E+06
488,330,17,04/06/1987,1.5,13.1,1.07E+05,0.05,2.66E+05,0.02,9.95E+05,0.03,4.48E+05,0.02,1.55E+06,0.01,2.66E+06,0.01,1.99E+06,6.55E+05,1.34E+06
489,330,20,05/06/1987,1,8.7,4.81E+04,0.12,1.15E+05,0.03,8.66E+05,0.04,5.44E+05,0.01,2.03E+06,0.01,1.52E+06,0.02,2.58E+06,1.27E+06,1.31E+06
490,330,25,05/06/1987,2.2,19.2,2.37E+05,0.08,3.96E+05,0.03,1.77E+06,0.07,1.10E+06,0.02,3.19E+06,0.01,3.77E+06,0.03,4.28E+06,3.31E+06,9.73E+05
491,330,30,05/06/1987,0.8,7.0,9.25E+04,0.14,2.11E+05,0.04,1.07E+06,0.07,5.40E+05,0.03,1.39E+06,0.02,2.15E+06,0.03,1.94E+06,1.93E+06,3.70E+03
492,330,37.5,05/06/1987,0.4,3.5,,,4.44E+04,0.07,3.03E+05,0.12,1.63E+05,0.04,4.07E+05,0.02,5.99E+05,0.05,5.70E+05,5.40E+05,2.96E+04
493,330,45,,,,,,,,,,,,,,,,,,
494,330,52.5,05/06/1987,0.25,2.2,,,1.85E+04,0.15,,,1.96E+05,0.03,4.77E+05,0.02,2.85E+05,0.09,6.73E+05,5.85E+05,8.88E+04
495,330,60,05/06/1987,0.25,2.2,7.40E+03,0.13,1.48E+04,0.06,1.22E+05,0.07,1.33E+05,0.02,3.33E+05,0.01,1.67E+05,0.05,4.66E+05,3.11E+05,1.55E+05
496,340,5,02/06/1987,23,200.8,2.90E+06,0.04,7.07E+06,0.01,1.93E+07,0.03,3.50E+06,0.02,8.29E+06,0.01,6.96E+07,0.01,1.18E+07,1.11E+07,7.33E+05
497,340,6,02/06/1987,12,104.8,1.61E+06,0.05,3.46E+06,0.05,9.62E+06,0.04,2.01E+06,0.03,5.14E+06,0.02,3.29E+07,0.02,7.15E+06,6.77E+06,3.81E+05
498,340,7,04/06/1987,25,218.3,2.86E+06,0.03,6.36E+06,0.01,2.00E+07,0.03,3.31E+06,0.02,8.07E+06,0.01,6.88E+07,0.01,1.14E+07,1.11E+07,2.26E+05
499,340,8.3,04/06/1987,14,122.2,1.87E+06,0.08,3.81E+06,0.03,1.33E+07,0.07,1.80E+06,0.06,5.51E+06,0.03,4.85E+07,0.02,7.31E+06,6.94E+06,3.74E+05
500,340,10,,,,,,,,,,,,,,,,,,
501,340,12,04/06/1987,5,43.7,8.03E+05,0.06,1.61E+06,0.03,5.18E+06,0.05,1.13E+06,0.03,2.95E+06,0.02,1.65E+07,0.02,4.08E+06,3.64E+06,4.37E+05
502,340,14.7,04/06/1987,4.5,39.3,6.96E+05,0.14,1.01E+06,0.07,4.44E+06,0.12,1.25E+06,0.07,3.34E+06,0.04,1.58E+07,0.05,4.60E+06,3.69E+06,9.10E+05
503,340,17,04/06/1987,5,43.7,3.69E+05,0.1,9.51E+05,0.04,3.62E+06,0.06,1.07E+06,0.03,2.62E+06,0.02,9.58E+06,0.03,3.69E+06,2.78E+06,9.10E+05
504,340,20,02/06/1987,5,43.7,3.63E+05,0.1,7.44E+05,0.04,3.38E+06,0.06,1.70E+06,0.03,3.77E+06,0.02,7.59E+06,0.04,5.48E+06,4.17E+06,1.31E+06
505,340,25,02/06/1987,3.5,30.6,,,2.26E+05,0.08,1.53E+06,0.09,1.04E+06,0.03,2.24E+06,0.02,2.24E+06,0.08,3.27E+06,2.44E+06,8.36E+05
506,340,30,29/05/1987,2.5,21.8,1.52E+05,0.08,3.63E+05,0.02,1.46E+06,0.05,3.40E+05,0.03,1.04E+06,0.02,3.06E+06,0.02,1.38E+06,1.25E+06,1.30E+05
507,340,37.5,05/06/1987,0.5,4.4,2.96E+04,0.26,1.26E+05,0.04,3.59E+05,0.1,3.70E+05,0.02,9.40E+05,0.02,1.34E+06,0.03,1.31E+06,1.05E+06,2.63E+05
508,340,45,05/06/1987,0.28,2.4,2.59E+04,0.11,6.29E+04,0.04,2.89E+05,0.07,2.04E+05,0.02,5.37E+05,0.01,7.22E+05,0.03,7.40E+05,6.88E+05,5.18E+04
509,340,52.5,05/06/1987,0.3,2.6,2.96E+04,0.15,3.70E+04,0.09,2.78E+05,0.11,1.48E+05,0.04,3.77E+05,0.02,5.18E+05,0.06,5.25E+05,4.37E+05,8.88E+04
510,340,60,05/06/1987,0.2,1.7,1.11E+04,0.1,2.96E+04,0.04,9.25E+04,0.07,3.33E+04,0.04,9.25E+04,0.02,3.37E+05,0.03,1.26E+05,9.03E+04,3.55E+04
511,350,5,02/06/1987,12,104.8,1.65E+06,0.04,3.56E+06,0.02,1.05E+07,0.04,1.85E+06,0.03,5.00E+06,0.02,3.85E+07,0.01,6.85E+06,5.97E+06,8.77E+05
512,350,6,02/06/1987,15,131.0,2.03E+06,0.04,4.40E+06,0.02,1.51E+07,0.03,2.60E+06,0.02,6.25E+06,0.02,4.18E+07,0.02,8.85E+06,8.21E+06,6.40E+05
513,350,7,20/05/1987,7,61.1,1.48E+05,0.03,4.18E+05,0.01,8.88E+05,0.03,1.70E+05,0.02,4.66E+05,0.01,3.58E+06,0.01,6.36E+05,6.36E+05,
514,350,8.3,05/06/1987,5,43.7,5.66E+05,0.11,1.52E+06,0.04,3.70E+06,0.11,3.00E+05,0.2,2.20E+06,0.04,1.69E+07,0.03,2.50E+06,2.20E+06,3.00E+05
515,350,10,04/06/1987,6,52.4,6.44E+05,0.07,1.32E+06,0.03,5.37E+06,0.05,1.65E+06,0.03,4.03E+06,0.02,1.35E+07,0.03,5.68E+06,4.47E+06,1.21E+06
516,350,12,02/06/1987,5,43.7,9.62E+04,0.05,3.33E+05,0.01,8.92E+05,0.03,3.03E+05,0.02,8.44E+05,0.01,3.53E+06,0.01,1.15E+06,7.70E+05,3.77E+05
517,350,14.7,,,,,,,,,,,,,,,,,,
518,350,17,02/06/1987,3.5,30.6,8.88E+04,0.05,1.89E+05,0.02,6.33E+05,0.04,4.22E+05,0.01,1.53E+06,0.01,1.86E+06,0.02,1.95E+06,1.87E+06,8.14E+04
519,350,20,02/06/1987,5,43.7,1.74E+05,0.1,2.55E+05,0.05,1.48E+06,0.08,1.59E+06,0.02,3.81E+06,0.01,2.81E+06,0.05,5.40E+06,5.06E+06,3.37E+05
520,350,25,02/06/1987,1.7,14.8,3.33E+04,0.08,9.25E+04,0.03,4.22E+05,0.04,3.63E+05,0.01,1.05E+06,0.01,9.66E+05,0.02,1.41E+06,1.35E+06,6.66E+04
521,350,30,02/06/1987,0.8,7.0,6.29E+04,0.05,1.33E+05,0.02,6.07E+05,0.03,1.85E+05,0.02,4.81E+05,0.01,1.41E+06,0.02,6.66E+05,6.07E+05,5.92E+04
522,350,37.5,05/06/1987,0.5,4.4,1.85E+04,0.1,4.07E+04,0.04,2.26E+05,0.06,2.48E+05,0.01,6.81E+05,0.01,4.59E+05,0.03,9.29E+05,9.03E+05,2.59E+04
523,350,45,05/06/1987,0.5,4.4,2.96E+04,0.12,6.29E+04,0.04,3.03E+05,0.07,2.22E+05,0.02,5.70E+05,0.01,6.25E+05,0.04,7.92E+05,7.84E+05,7.40E+03
524,350,52.5,05/06/1987,0.5,4.4,2.22E+04,0.17,5.55E+04,0.06,3.48E+05,0.1,2.04E+05,0.03,4.92E+05,0.02,3.22E+05,0.1,6.96E+05,6.14E+05,8.14E+04
525,350,60,05/06/1987,0.12,1.0,2.22E+04,0.18,3.70E+04,0.08,1.04E+05,0.2,4.81E+04,0.08,1.30E+05,0.04,4.59E+05,0.05,1.78E+05,9.99E+04,7.77E+04
526,360,5,04/06/1987,10,87.3,1.13E+06,0.05,2.07E+06,0.03,8.10E+06,0.04,9.73E+05,0.04,2.59E+06,0.02,1.96E+07,0.02,3.56E+06,3.19E+06,3.66E+05
527,360,6,04/06/1987,7.5,65.5,9.66E+05,0.06,2.14E+06,0.02,6.70E+06,0.05,1.10E+06,0.04,2.87E+06,0.02,2.22E+07,0.02,3.97E+06,2.52E+06,1.45E+06
528,360,7,05/06/1987,5,43.7,9.32E+05,0.08,1.81E+06,0.04,6.40E+06,0.07,8.99E+05,0.06,2.38E+06,0.03,2.23E+07,0.03,3.27E+06,2.48E+06,7.96E+05
529,360,8.3,04/06/1987,5,43.7,6.07E+05,0.07,1.24E+06,0.03,4.00E+06,0.06,6.59E+05,0.04,1.78E+06,0.03,1.28E+07,0.03,2.43E+06,2.07E+06,3.66E+05
530,360,10,02/06/1987,5,43.7,1.84E+05,0.04,4.70E+05,0.01,1.35E+06,0.03,3.44E+05,0.02,1.02E+06,0.01,5.74E+06,0.01,1.36E+06,1.34E+06,2.22E+04
531,360,12,,,,,,,,,,,,,,,,,,
532,360,14.7,03/06/1987,4.5,39.3,,,2.70E+05,0.06,1.74E+06,0.1,1.44E+06,0.02,3.43E+06,0.02,3.70E+06,0.05,4.87E+06,3.83E+06,1.04E+06
533,360,17,01/06/1987,4,34.9,,,,,1.13E+06,0.23,9.36E+05,0.06,2.09E+06,0.04,2.39E+06,0.16,3.03E+06,1.99E+06,1.04E+06
534,360,20,02/06/1987,5,43.7,1.55E+05,0.16,2.52E+05,0.08,1.96E+06,0.09,2.26E+06,0.02,5.29E+06,0.02,2.58E+06,0.08,7.55E+06,5.15E+06,2.40E+06
535,360,25,02/06/1987,2.5,21.8,7.40E+04,0.06,1.26E+05,0.03,6.48E+05,0.04,6.03E+05,0.01,1.69E+06,0.01,1.47E+06,0.02,2.30E+06,1.62E+06,6.81E+05
536,360,30,02/06/1987,0.3,2.6,3.70E+04,0.06,8.14E+04,0.03,4.07E+05,0.04,1.44E+05,0.02,3.63E+05,0.01,8.58E+05,0.02,5.07E+05,4.66E+05,4.07E+04
537,360,37.5,05/06/1987,0.6,5.2,1.11E+04,0.12,2.59E+04,0.04,2.04E+05,0.06,2.29E+05,0.01,6.25E+05,0.01,2.66E+05,0.04,8.55E+05,7.92E+05,6.29E+04
538,360,45,05/06/1987,0.31,2.7,2.59E+04,0.2,4.44E+04,0.08,3.48E+05,0.1,2.41E+05,0.03,5.81E+05,0.02,5.29E+05,0.07,8.21E+05,7.14E+05,1.07E+05
539,360,52.5,05/06/1987,0.4,3.5,7.40E+03,0.14,1.48E+04,0.06,1.10E+05,0.07,1.10E+05,0.02,2.89E+05,0.01,1.44E+05,0.05,3.99E+05,3.84E+05,1.48E+04
540,360,60,05/06/1987,0.06,0.5,,,1.48E+04,0.09,,,3.33E+04,0.06,9.62E+04,0.04,1.48E+05,0.08,1.30E+05,1.18E+05,1.11E+04
